Date,Surverse,d15min,d30min,d1h,d2h,d4h,d6h,d12h,d24h
2013-05-01,0,0.0,0.0,0.0,0.0,0.0,0.0,0.0,0.0
2013-05-02,0,0.0,0.0,0.0,0.0,0.0,0.0,0.0,0.0
2013-05-03,0,0.0,0.0,0.0,0.0,0.0,0.0,0.0,0.0
2013-05-04,0,0.0,0.0,0.0,0.0,0.0,0.0,0.0,0.0
2013-05-05,0,0.0,0.0,0.0,0.0,0.0,0.0,0.0,0.0
2013-05-06,0,0.0,0.0,0.0,0.0,0.0,0.0,0.0,0.0
2013-05-07,0,0.0,0.0,0.0,0.0,0.0,0.0,0.0,0.0
2013-05-08,0,0.0,0.0,0.0,0.0,0.0,0.0,0.0,0.0
2013-05-09,0,0.25,0.25,0.25,0.5,0.5,0.5,0.5,0.5
2013-05-10,0,0.25,0.25,0.25,0.25,0.25,0.25,0.25,0.5
2013-05-11,1,1.5,2.75,4.5,7.25,10.5,11.25,12.25,12.5
2013-05-12,0,0.0,0.0,0.0,0.0,0.0,0.0,0.25,12.25
2013-05-13,0,0.25,0.25,0.25,0.25,0.25,0.5,0.5,0.5
2013-05-14,0,0.0,0.0,0.0,0.0,0.0,0.0,0.25,0.5
2013-05-15,0,1.25,1.75,2.25,3.75,4.25,4.25,4.25,4.25
2013-05-16,0,0.0,0.0,0.0,0.0,0.0,0.0,4.25,4.25
2013-05-17,0,0.0,0.0,0.0,0.0,0.0,0.0,0.0,0.0
2013-05-18,0,0.0,0.0,0.0,0.0,0.0,0.0,0.0,0.0
2013-05-19,0,0.25,0.5,0.5,0.5,1.0,1.0,1.0,1.0
2013-05-20,0,2.0,2.75,4.0,5.0,5.5,5.5,6.25,6.5
2013-05-21,0,1.5,1.75,2.25,2.75,3.25,3.25,3.25,5.5
2013-05-22,0,0.25,0.25,0.5,0.5,1.0,1.75,1.75,5.0
2013-05-23,0,5.25,6.75,9.25,9.25,9.25,9.75,9.75,12.25
2013-05-24,0,0.5,0.75,1.25,1.75,3.0,4.5,5.5,11.75
2013-05-25,0,1.0,1.25,1.75,2.75,4.0,5.0,8.75,10.0
2013-05-26,0,1.0,1.5,2.75,5.0,7.25,8.25,13.5,20.0
2013-05-27,0,0.0,0.0,0.0,0.0,0.0,0.0,1.0,11.5
2013-05-28,0,0.0,0.0,0.0,0.0,0.0,0.0,0.0,0.0
2013-05-29,1,4.5,5.0,5.5,5.75,7.25,9.0,10.75,10.75
2013-05-30,0,0.0,0.0,0.0,0.0,1.5,1.5,10.5,10.75
2013-05-31,0,0.0,0.0,0.0,0.0,0.0,0.0,0.0,0.0
2013-06-01,0,9.75,10.75,12.25,12.25,12.25,12.25,12.25,12.25
2013-06-02,1,2.75,3.75,3.75,6.0,12.25,12.25,15.75,22.0
2013-06-03,0,0.0,0.0,0.0,0.0,0.0,0.0,0.25,9.75
2013-06-04,0,0.0,0.0,0.0,0.0,0.0,0.0,0.0,0.0
2013-06-05,0,0.0,0.0,0.0,0.0,0.0,0.0,0.0,0.0
2013-06-06,0,0.75,1.0,1.25,1.75,3.0,4.0,5.0,5.0
2013-06-07,0,0.75,1.5,2.5,3.25,4.0,5.5,9.25,12.25
2013-06-08,0,0.75,1.25,2.5,4.5,6.25,7.25,8.0,12.0
2013-06-09,0,0.0,0.0,0.0,0.0,0.0,0.25,0.25,4.5
2013-06-10,0,0.0,0.0,0.0,0.0,0.0,0.0,0.0,0.0
2013-06-11,1,1.5,2.75,5.0,8.75,15.75,19.75,30.5,39.25
2013-06-12,0,0.75,1.0,1.0,2.75,4.25,8.75,22.5,40.0
2013-06-13,0,0.0,0.0,0.0,0.0,0.0,0.0,0.0,1.5
2013-06-14,0,0.0,0.0,0.0,0.0,0.0,0.0,0.0,0.0
2013-06-15,0,0.0,0.0,0.0,0.0,0.0,0.0,0.0,0.0
2013-06-16,0,0.75,1.5,3.0,5.0,7.25,9.25,10.25,10.25
2013-06-17,0,0.75,1.0,1.0,1.0,1.0,1.0,9.75,11.25
2013-06-18,0,0.0,0.0,0.0,0.0,0.0,0.0,0.0,1.0
2013-06-19,0,0.0,0.0,0.0,0.0,0.0,0.0,0.0,0.0
2013-06-20,0,0.0,0.0,0.0,0.0,0.0,0.0,0.0,0.0
2013-06-21,0,0.0,0.0,0.0,0.0,0.0,0.0,0.0,0.0
2013-06-22,0,0.5,1.0,1.5,2.0,3.25,4.25,6.0,7.5
2013-06-23,0,0.25,0.25,0.25,0.75,1.0,1.25,5.25,7.75
2013-06-24,0,1.25,2.25,3.0,3.5,3.5,3.5,3.5,5.471153846153846
2013-06-25,0,0.5,0.5,0.5,0.5,0.5,1.971153846153846,1.971153846153846,5.471153846153846
2013-06-26,0,0.0,0.0,0.0,0.0,0.0,0.0,0.0,0.5
2013-06-27,0,0.0,0.0,0.0,0.0,0.0,0.0,0.0,0.0
2013-06-28,1,3.0,6.0,11.25,15.25,19.0,23.0,28.5,28.75
2013-06-29,0,0.25,0.5,1.0,1.0,1.0,1.0,7.25,29.75
2013-06-30,0,0.0,0.0,0.0,0.0,0.0,0.0,0.25,1.25
2013-07-01,0,0.25,0.25,0.25,0.25,0.25,0.25,0.25,0.25
2013-07-02,0,0.25,0.25,0.25,0.25,0.25,0.25,0.25,0.5
2013-07-03,0,0.0,0.0,0.0,0.0,0.25,0.25,0.25,0.25
2013-07-04,0,0.25,0.25,0.25,0.25,0.25,0.25,0.25,0.25
2013-07-05,0,0.25,0.25,0.25,0.25,0.25,0.25,0.25,0.5
2013-07-06,0,0.0,0.0,0.0,0.0,0.0,0.25,0.25,0.25
2013-07-07,0,1.0,1.75,2.5,3.5,3.75,4.0,4.0,4.0
2013-07-08,0,0.0,0.0,1.0,2.75,3.75,4.0,4.0,4.0
2013-07-09,0,0.0,0.0,0.0,0.0,0.0,0.0,0.0,0.0
2013-07-10,0,2.5,2.5,3.5,3.5,3.5,3.5,3.75,3.75
2013-07-11,0,0.0,0.0,0.0,0.0,3.5,3.5,3.75,3.75
2013-07-12,0,0.0,0.0,0.0,0.0,0.0,0.0,0.0,0.0
2013-07-13,0,0.0,0.0,0.0,0.0,0.0,0.0,0.0,0.0
2013-07-14,0,0.0,0.0,0.0,0.0,0.0,0.0,0.0,0.0
2013-07-15,0,0.0,0.0,0.0,0.0,0.0,0.0,0.0,0.0
2013-07-16,0,0.0,0.0,0.0,0.0,0.0,0.0,0.0,0.0
2013-07-17,1,4.25,7.75,10.5,12.0,12.25,12.25,12.25,12.25
2013-07-18,0,0.0,0.0,0.0,0.0,0.25,1.0,12.25,12.25
2013-07-19,1,13.25,13.25,14.75,17.75,21.25,22.75,33.75,37.5
2013-07-20,0,4.25,7.0,7.0,7.0,7.0,7.0,22.75,37.5
2013-07-21,0,0.0,0.0,0.0,0.0,0.0,0.0,0.0,7.0
2013-07-22,0,0.0,0.0,0.0,0.0,0.0,0.0,0.0,0.0
2013-07-23,0,1.0,1.5,2.25,2.25,2.25,2.25,2.25,2.25
2013-07-24,0,0.0,0.0,0.0,0.0,0.0,0.0,0.0,2.25
2013-07-25,0,0.0,0.0,0.0,0.0,0.0,0.0,0.0,0.0
2013-07-26,0,0.0,0.0,0.0,0.0,0.0,0.0,0.0,0.0
2013-07-27,0,0.0,0.0,0.0,0.0,0.0,0.0,0.0,0.0
2013-07-28,0,3.0,4.5,5.25,6.25,6.25,9.75,9.75,9.75
2013-07-29,0,1.5,1.75,1.75,1.75,3.5,3.5,9.75,12.0
2013-07-30,0,0.0,0.0,0.0,0.0,0.0,0.0,1.75,2.25
2013-07-31,0,0.0,0.0,0.0,0.0,0.0,0.0,0.0,0.0
2013-08-01,0,3.25,5.5,7.0,7.75,7.75,7.75,8.0,8.0
2013-08-02,0,0.5,0.5,0.5,0.5,0.5,0.5,8.0,8.5
2013-08-03,0,0.0,0.0,0.0,0.0,0.0,0.0,0.0,0.5
2013-08-04,0,5.5,5.75,5.75,5.75,6.25,6.25,7.0,7.0
2013-08-05,0,0.0,0.0,0.0,0.0,0.0,0.0,6.25,7.0
2013-08-06,0,0.0,0.0,0.0,0.0,0.0,0.0,0.0,0.0
2013-08-07,0,3.75,5.0,9.75,9.75,9.75,9.75,9.75,9.75
2013-08-08,0,0.5,0.5,0.5,0.5,9.75,9.75,10.25,10.25
2013-08-09,0,0.25,0.25,0.25,0.5,0.5,0.5,0.5,0.5
2013-08-10,0,0.0,0.0,0.0,0.0,0.0,0.0,0.0,0.5
2013-08-11,0,0.0,0.0,0.0,0.0,0.0,0.0,0.0,0.0
2013-08-12,0,0.0,0.0,0.0,0.0,0.0,0.0,0.0,0.0
2013-08-13,1,21.5,30.75,34.5,35.0,35.0,35.0,35.0,44.5
2013-08-14,0,3.5,4.25,5.25,6.75,6.75,35.0,41.75,50.75
2013-08-15,0,0.0,0.0,0.0,0.0,0.0,0.0,0.0,7.5
2013-08-16,0,0.25,0.25,0.25,0.25,0.25,0.5,0.5,0.5
2013-08-17,0,0.0,0.0,0.0,0.0,0.0,0.0,0.25,0.5
2013-08-18,0,0.0,0.0,0.0,0.0,0.0,0.0,0.0,0.0
2013-08-19,0,0.0,0.0,0.0,0.0,0.0,0.0,0.0,0.0
2013-08-20,0,0.0,0.0,0.0,0.0,0.0,0.0,0.0,0.0
2013-08-21,0,0.0,0.0,0.0,0.0,0.0,0.0,0.0,0.0
2013-08-22,0,6.75,8.0,8.5,9.25,9.5,9.75,15.25,15.25
2013-08-23,0,0.0,0.0,0.0,0.0,0.25,1.0,9.75,15.25
2013-08-24,0,0.0,0.0,0.0,0.0,0.0,0.0,0.0,0.0
2013-08-25,0,0.75,1.25,1.75,1.75,1.75,1.75,1.75,1.75
2013-08-26,0,1.25,1.75,2.75,4.75,6.5,6.5,6.5,6.5
2013-08-27,0,0.0,0.0,0.0,0.0,0.0,0.0,0.0,4.5
2013-08-28,0,0.0,0.0,0.0,0.0,0.0,0.0,0.0,0.0
2013-08-29,0,0.0,0.0,0.0,0.0,0.0,0.0,0.0,0.0
2013-08-30,0,4.25,7.75,8.75,9.0,13.25,14.0,14.0,14.0
2013-08-31,0,0.0,0.0,0.0,0.75,5.0,9.75,14.0,14.0
2013-09-01,0,0.0,0.0,0.0,0.0,0.0,0.0,0.0,0.0
2013-09-02,1,3.5,3.75,4.25,7.75,7.75,7.75,7.75,12.0
2013-09-03,0,0.0,0.0,0.0,0.0,3.5,7.75,7.75,12.0
2013-09-04,0,0.0,0.0,0.0,0.0,0.0,0.0,0.0,0.0
2013-09-05,0,0.0,0.0,0.0,0.0,0.0,0.0,0.0,0.0
2013-09-06,0,0.0,0.0,0.0,0.0,0.0,0.0,0.0,0.0
2013-09-07,0,0.0,0.0,0.0,0.0,0.0,0.0,0.0,0.0
2013-09-08,0,0.0,0.0,0.0,0.0,0.0,0.0,0.0,0.0
2013-09-09,0,0.0,0.0,0.0,0.0,0.0,0.0,0.0,0.0
2013-09-10,0,0.75,1.25,1.25,1.5,2.0,2.5,2.5,2.75
2013-09-11,0,0.75,1.0,1.25,1.5,1.5,1.5,1.75,4.25
2013-09-12,1,4.75,7.5,10.0,11.75,14.25,20.5,33.25,33.25
2013-09-13,0,0.25,0.25,0.25,0.25,0.25,0.25,0.25,33.25
2013-09-14,0,0.0,0.0,0.0,0.0,0.0,0.25,0.25,0.25
2013-09-15,0,0.25,0.25,0.25,0.5,0.5,0.5,0.5,0.5
2013-09-16,0,1.5,2.75,3.5,5.5,6.75,7.75,8.25,8.25
2013-09-17,0,0.0,0.0,0.0,0.0,0.0,0.0,0.0,7.75
2013-09-18,0,0.0,0.0,0.0,0.0,0.0,0.0,0.0,0.0
2013-09-19,0,0.0,0.0,0.0,0.0,0.0,0.0,0.0,0.0
2013-09-20,0,0.0,0.0,0.0,0.0,0.0,0.0,0.0,0.0
2013-09-21,0,1.25,2.25,3.75,6.0,9.5,9.75,9.75,9.75
2013-09-22,0,1.0,1.5,2.75,5.5,9.5,11.75,16.75,17.75
2013-09-23,0,0.0,0.0,0.0,0.0,0.0,0.0,0.0,7.75
2013-09-24,0,0.0,0.0,0.0,0.0,0.0,0.0,0.0,0.0
2013-09-25,0,0.0,0.0,0.0,0.0,0.0,0.0,0.0,0.0
2013-09-26,0,0.0,0.0,0.0,0.0,0.0,0.0,0.0,0.0
2013-09-27,0,0.0,0.0,0.0,0.0,0.0,0.0,0.0,0.0
2013-09-28,0,0.0,0.0,0.0,0.0,0.0,0.0,0.0,0.0
2013-09-29,0,0.0,0.0,0.0,0.0,0.0,0.0,0.0,0.0
2013-09-30,0,0.0,0.0,0.0,0.0,0.0,0.0,0.0,0.0
2013-10-01,0,0.0,0.0,0.0,0.0,0.0,0.0,0.0,0.0
2013-10-02,0,0.0,0.0,0.0,0.0,0.0,0.0,0.0,0.0
2013-10-03,0,0.0,0.0,0.0,0.0,0.0,0.0,0.0,0.0
2013-10-04,0,0.0,0.0,0.0,0.0,0.0,0.0,0.0,0.0
2013-10-05,0,0.0,0.0,0.0,0.0,0.0,0.0,0.0,0.0
2013-10-06,0,1.25,2.0,2.75,4.5,5.25,5.25,5.25,5.25
2013-10-07,1,2.5,3.25,5.0,8.5,14.0,14.09375,14.09375,14.34375
2013-10-08,0,0.0,0.0,0.0,0.0,0.0,0.25,14.09375,14.09375
2013-10-09,0,0.0,0.0,0.0,0.0,0.0,0.0,0.0,0.0
2013-10-10,0,0.0,0.0,0.0,0.0,0.0,0.0,0.0,0.0
2013-10-11,0,0.0,0.0,0.0,0.0,0.0,0.0,0.0,0.0
2013-10-12,0,0.0,0.0,0.0,0.0,0.0,0.0,0.0,0.0
2013-10-13,0,0.0,0.0,0.0,0.0,0.0,0.0,0.0,0.0
2013-10-14,0,1.25,1.5,2.0,3.0,3.5,3.75,3.75,3.75
2013-10-15,0,0.25,0.25,0.25,0.25,0.25,0.25,0.25,3.75
2013-10-16,0,0.5,0.75,1.25,1.75,1.75,1.75,1.75,1.75
2013-10-17,1,2.5,4.5,7.75,9.75,11.25,11.5,13.25,13.25
2013-10-18,0,1.5,2.75,3.25,3.8214285714285716,4.821428571428571,4.821428571428571,4.821428571428571,11.5
2013-10-19,0,0.5,0.5,0.5,0.5,0.5,0.5,0.75,5.571428571428571
2013-10-20,0,0.75,1.25,2.25,4.0,5.0,5.0,5.0,5.0
2013-10-21,0,0.0,0.0,0.0,0.0,0.0,0.0,0.0,4.0
2013-10-22,0,1.0,1.25,1.75,2.0,2.25,2.25,2.25,2.25
2013-10-23,0,0.0,0.0,0.0,0.0,0.0,0.0,0.0,2.25
2013-10-24,0,0.0,0.0,0.0,0.0,0.0,0.0,0.0,0.0
2013-10-25,0,0.0,0.0,0.0,0.0,0.0,0.0,0.0,0.0
2013-10-26,0,0.5,0.75,1.0,1.25,2.25,2.5,4.25,4.75
2013-10-27,0,0.25,0.25,0.25,0.25,0.75,2.0,3.75,5.0
2013-10-28,0,0.25,0.5,0.75,1.25,1.25,1.25,1.25,1.25
2013-10-29,0,0.0,0.0,0.0,0.0,0.0,0.0,0.0,1.25
2013-10-30,0,0.0,0.0,0.0,0.0,0.0,0.0,0.0,0.0
2013-10-31,0,1.5,2.0,3.0,6.0,9.5,11.75,17.25,17.25
2014-05-01,1,1.25,1.75,3.25,5.5,6.5,8.25,17.0,28.25
2014-05-02,0,0.25,0.25,0.25,0.25,0.25,0.25,0.25,11.0
2014-05-03,0,1.0,1.25,1.25,1.25,1.25,1.25,1.25,1.25
2014-05-04,0,1.0,2.0,3.75,5.5,7.75,11.25,13.75,18.25
2014-05-05,0,0.25,0.25,0.25,0.25,0.5,3.25,5.5,18.25
2014-05-06,0,0.0,0.0,0.0,0.0,0.0,0.0,0.0,0.25
2014-05-07,0,0.0,0.0,0.0,0.0,0.0,0.0,0.0,0.0
2014-05-08,0,0.0,0.0,0.0,0.0,0.0,0.0,0.0,0.0
2014-05-09,0,1.25,1.25,1.25,1.25,1.25,1.25,1.25,1.25
2014-05-10,1,2.25,2.5,3.8532608695652173,5.469927536231884,8.219927536231884,9.969927536231884,9.969927536231884,9.969927536231884
2014-05-11,0,0.0,0.0,0.0,0.0,0.0,0.0,0.0,8.719927536231884
2014-05-12,0,0.0,0.0,0.0,0.0,0.0,0.0,0.0,0.0
2014-05-13,0,0.0,0.0,0.0,0.0,0.0,0.0,0.0,0.0
2014-05-14,0,0.25,0.25,0.25,0.25,0.25,0.25,0.25,0.25
2014-05-15,0,0.0,0.0,0.0,0.0,0.0,0.0,0.0,0.25
2014-05-16,0,2.0,2.75,3.25,5.0,7.5,10.5,16.0,16.0
2014-05-17,1,3.25,5.25,8.0,14.25,26.25,30.25,39.0,43.5
2014-05-18,0,0.0,0.0,0.0,0.0,0.0,0.0,0.0,27.25
2014-05-19,0,0.0,0.0,0.0,0.0,0.0,0.0,0.0,0.0
2014-05-20,0,0.0,0.0,0.0,0.0,0.0,0.0,0.0,0.0
2014-05-21,0,0.0,0.0,0.0,0.0,0.0,0.0,0.0,0.0
2014-05-22,0,1.0,1.75,2.0,2.0,2.5,2.5,2.5,2.5
2014-05-23,0,0.0,0.0,0.0,0.0,0.0,1.0,2.5,2.5
2014-05-24,0,0.0,0.0,0.0,0.0,0.0,0.0,0.0,0.0
2014-05-25,0,0.25,0.25,0.25,0.25,0.25,0.25,0.25,0.25
2014-05-26,0,1.25,1.75,2.75,3.0,3.5,3.5,3.5,3.5
2014-05-27,1,1.75,3.0,5.25,8.25,9.25,13.0,16.75,21.75
2014-05-28,0,0.25,0.25,0.5,1.0,1.0,1.0,5.5,17.25
2014-05-29,0,0.0,0.0,0.0,0.0,0.0,0.0,0.0,1.0
2014-05-30,0,0.25,0.5,0.5,0.5,0.5,0.5,0.5,0.5
2014-05-31,0,0.0,0.0,0.0,0.0,0.0,0.0,0.5,0.5
2014-06-01,0,0.0,0.0,0.0,0.0,0.0,0.0,0.0,0.0
2014-06-02,0,0.0,0.0,0.0,0.0,0.0,0.0,0.0,0.0
2014-06-03,1,6.75,12.0,15.75,20.5,22.5,22.5,22.5,22.75
2014-06-04,0,0.0,0.0,0.0,0.0,0.0,0.0,22.5,22.75
2014-06-05,0,0.5,0.5,0.5,0.5,0.5,0.5,0.5,0.5
2014-06-06,0,0.0,0.0,0.0,0.0,0.0,0.5,0.5,0.5
2014-06-07,0,0.0,0.0,0.0,0.0,0.0,0.0,0.0,0.0
2014-06-08,0,0.0,0.0,0.0,0.0,0.0,0.0,0.0,0.0
2014-06-09,0,0.0,0.0,0.0,0.0,0.0,0.0,0.0,0.0
2014-06-10,0,0.0,0.0,0.0,0.0,0.0,0.0,0.0,0.0
2014-06-11,0,0.5,0.75,1.0,1.0,1.5,1.5,1.5,1.5
2014-06-12,1,2.5,4.75,7.0,10.25,15.25,19.75,23.25,31.828125
2014-06-13,1,2.0,3.25,6.0,10.5,17.0,17.75,24.25,30.828125
2014-06-14,1,5.0,8.25,9.25,9.25,9.25,9.25,14.75,30.25
2014-06-15,0,0.0,0.0,0.0,0.0,0.0,9.25,9.25,12.25
2014-06-16,0,0.0,0.0,0.0,0.0,0.0,0.0,0.0,0.0
2014-06-17,0,3.5,6.25,9.75,12.75,12.75,12.75,12.75,12.75
2014-06-18,1,3.5,5.5,11.75,18.75,28.0,28.75,28.75,28.75
2014-06-19,0,0.0,0.0,0.0,0.0,0.0,0.0,0.0,14.0
2014-06-20,0,0.0,0.0,0.0,0.0,0.0,0.0,0.0,0.0
2014-06-21,0,0.0,0.0,0.0,0.0,0.0,0.0,0.0,0.0
2014-06-22,0,0.0,0.0,0.0,0.0,0.0,0.0,0.0,0.0
2014-06-23,0,0.0,0.0,0.0,0.0,0.0,0.0,0.0,0.0
2014-06-24,1,7.75,11.75,22.25,34.0,37.5,38.0,58.0,64.0
2014-06-25,1,1.0,4.25,16.0,33.5,38.25,39.0,58.75,65.25
2014-06-26,0,0.0,0.0,0.0,0.0,0.0,0.0,0.0,0.25
2014-06-27,0,0.0,0.0,0.0,0.0,0.0,0.0,0.0,0.0
2014-06-28,0,0.0,0.0,0.0,0.0,0.0,0.0,0.0,0.0
2014-06-29,0,0.0,0.0,0.0,0.0,0.0,0.0,0.0,0.0
2014-06-30,0,0.0,0.0,0.0,0.0,0.0,0.0,0.0,0.0
2014-07-01,0,0.0,0.0,0.0,0.0,0.0,0.0,0.0,0.0
2014-07-02,0,0.0,0.0,0.0,0.0,0.0,0.0,0.0,0.0
2014-07-03,0,0.25,0.25,0.25,0.25,0.25,0.25,0.25,0.25
2014-07-04,0,1.0,2.0,2.5,2.5,2.5,2.5,2.5,2.75
2014-07-05,0,2.25,3.5,3.5,3.5,3.5,3.5,3.5,3.5
2014-07-06,0,0.0,0.0,0.0,0.0,0.0,0.0,3.5,3.5
2014-07-07,0,2.25,4.0,5.75,7.0,7.5,11.0,11.75,11.75
2014-07-08,0,1.75,3.25,6.0,8.0,8.0,8.0,11.25,11.75
2014-07-09,0,0.0,0.0,0.0,1.0,8.0,8.0,8.0,8.0
2014-07-10,0,0.0,0.0,0.0,0.0,0.0,0.0,0.0,0.0
2014-07-11,0,0.0,0.0,0.0,0.0,0.0,0.0,0.0,0.0
2014-07-12,0,0.0,0.0,0.0,0.0,0.0,0.0,0.0,0.0
2014-07-13,0,1.75,3.5,4.25,4.5,4.5,7.75,8.5,8.5
2014-07-14,0,0.0,0.0,0.0,0.0,0.0,0.0,6.75,8.5
2014-07-15,0,0.5,0.5,1.0,1.5,1.5,1.5,1.75,1.75
2014-07-16,0,0.0,0.0,0.25,0.25,0.25,0.25,1.75,1.75
2014-07-17,0,0.0,0.0,0.0,0.0,0.0,0.0,0.0,0.0
2014-07-18,0,0.0,0.0,0.0,0.0,0.0,0.0,0.0,0.0
2014-07-19,0,0.0,0.0,0.0,0.0,0.0,0.0,0.0,0.0
2014-07-20,0,0.0,0.0,0.0,0.0,0.0,0.0,0.0,0.0
2014-07-21,0,0.0,0.0,0.0,0.0,0.0,0.0,0.0,0.0
2014-07-22,0,0.0,0.0,0.0,0.0,0.0,0.0,0.0,0.0
2014-07-23,0,3.0,5.5,9.5,11.005208333333332,11.933178191489361,12.157136524822695,12.485261524822697,12.485261524822697
2014-07-24,0,0.0,0.0,0.0,0.0,0.0,0.0,0.40104166666666663,12.485261524822695
2014-07-25,0,0.0,0.0,0.0,0.0,0.0,0.0,0.0,0.0
2014-07-26,0,0.0,0.0,0.0,0.0,0.0,0.0,0.0,0.0
2014-07-27,0,2.0,2.25,2.25,2.25,4.25,5.0,5.25,7.75
2014-07-28,1,1.25,2.25,4.0,6.75,10.5,12.75,15.0,17.0
2014-07-29,0,0.0,0.0,0.0,0.0,0.25,3.0,14.25,15.0
2014-07-30,0,0.25,0.25,0.25,0.25,0.5,0.5,0.5,0.5
2014-07-31,1,7.5,8.75,10.0,15.75,16.25,16.25,16.25,16.75
2014-08-01,0,0.0,0.0,0.0,0.0,0.0,0.0,16.25,16.25
2014-08-02,0,0.0,0.0,0.0,0.0,0.0,0.0,0.0,0.0
2014-08-03,0,0.0,0.0,0.0,0.0,0.0,0.0,0.0,0.0
2014-08-04,0,0.0,0.0,0.0,0.0,0.0,0.0,0.0,0.0
2014-08-05,0,0.0,0.0,0.0,0.0,0.0,0.0,0.0,0.0
2014-08-06,0,0.25,0.25,0.25,0.25,0.25,0.25,0.25,0.25
2014-08-07,0,0.0,0.0,0.0,0.0,0.0,0.0,0.0,0.25
2014-08-08,0,0.0,0.0,0.0,0.0,0.0,0.0,0.0,0.0
2014-08-09,0,0.0,0.0,0.0,0.0,0.0,0.0,0.0,0.0
2014-08-10,0,0.0,0.0,0.0,0.0,0.0,0.0,0.0,0.0
2014-08-11,0,0.0,0.0,0.0,0.0,0.0,0.0,0.0,0.0
2014-08-12,0,0.75,1.25,1.25,1.25,1.25,1.25,1.25,1.25
2014-08-13,1,6.25,7.25,9.75,15.0,20.75,29.25,44.25,53.25
2014-08-14,0,0.0,0.0,0.25,0.75,0.75,2.0,31.0,52.25
2014-08-15,0,1.25,1.75,2.0,2.0,3.0,3.5,3.75,3.75
2014-08-16,0,1.25,2.5,4.75,8.0,10.5,11.0,13.75,14.0
2014-08-17,0,0.25,0.75,2.5,7.25,10.75,11.5,14.5,14.75
2014-08-18,0,0.0,0.0,0.0,0.0,0.0,0.0,0.0,0.75
2014-08-19,0,0.0,0.0,0.0,0.0,0.0,0.0,0.0,0.0
2014-08-20,0,0.0,0.0,0.0,0.0,0.0,0.0,0.0,0.0
2014-08-21,0,0.0,0.0,0.0,0.0,0.0,0.0,0.0,0.0
2014-08-22,0,0.0,0.0,0.0,0.0,0.0,0.0,0.0,0.0
2014-08-23,0,0.0,0.0,0.0,0.0,0.0,0.0,0.0,0.0
2014-08-24,0,0.0,0.0,0.0,0.0,0.0,0.0,0.0,0.0
2014-08-25,0,0.0,0.0,0.0,0.0,0.0,0.0,0.0,0.0
2014-08-26,0,0.25,0.25,0.25,0.25,0.25,0.25,0.25,0.25
2014-08-27,0,1.75,3.0,3.25,3.25,3.25,3.25,3.25,3.25
2014-08-28,0,0.0,0.0,0.0,0.0,0.0,0.0,0.0,1.25
2014-08-29,0,0.0,0.0,0.0,0.0,0.0,0.0,0.0,0.0
2014-08-30,0,0.0,0.0,0.0,0.0,0.0,0.0,0.0,0.0
2014-08-31,0,2.25,3.75,5.75,7.25,8.5,8.5,8.5,8.5
2014-09-01,0,0.0,0.0,0.0,0.0,0.0,0.0,0.0,8.5
2014-09-02,0,1.25,1.5,1.75,2.5,3.5,3.75,3.75,3.75
2014-09-03,0,0.0,0.0,0.0,0.25,1.25,3.75,3.75,3.75
2014-09-04,0,0.0,0.0,0.0,0.0,0.0,0.0,0.0,0.0
2014-09-05,0,3.5,5.25,5.5,5.5,5.5,6.75,6.75,6.75
2014-09-06,0,2.5,3.5,5.0,6.75,7.0,10.0,10.0,16.75
2014-09-07,0,0.0,0.0,0.0,0.0,0.0,0.0,3.0,10.0
2014-09-08,0,0.0,0.0,0.0,0.0,0.0,0.0,0.0,0.0
2014-09-09,0,0.0,0.0,0.0,0.0,0.0,0.0,0.0,0.0
2014-09-10,0,0.0,0.0,0.0,0.0,0.0,0.0,0.0,0.0
2014-09-11,0,2.0,2.5,3.0,5.25,6.0,7.25,7.5,7.5
2014-09-12,0,0.0,0.0,0.0,0.0,0.0,0.0,0.0,7.5
2014-09-13,1,2.25,4.25,6.5,9.25,14.0,16.0,16.0,16.0
2014-09-14,0,0.0,0.0,0.0,0.0,0.0,2.5,16.0,16.0
2014-09-15,0,0.0,0.0,0.0,0.0,0.0,0.0,0.0,0.0
2014-09-16,0,0.25,0.5,0.5,0.5,0.5,0.5,0.5,0.5
2014-09-17,0,0.5,0.5,0.5,0.5,0.5,0.5,0.5,0.5
2014-09-18,0,0.25,0.25,0.25,0.25,0.5,0.75,0.75,0.75
2014-09-19,0,0.0,0.0,0.0,0.0,0.0,0.0,0.0,0.25
2014-09-20,0,0.0,0.0,0.0,0.0,0.0,0.0,0.0,0.0
2014-09-21,0,1.25,1.25,1.5,1.5,2.0,2.0,3.5,3.5
2014-09-22,0,0.0,0.0,0.0,0.0,0.0,0.0,1.75,3.5
2014-09-23,0,0.5,0.5,0.5,0.5,0.5,0.5,0.5,0.5
2014-09-24,0,0.25,0.25,0.25,0.25,0.25,0.25,0.25,0.75
2014-09-25,0,0.0,0.0,0.0,0.0,0.0,0.0,0.0,0.25
2014-09-26,0,0.0,0.0,0.0,0.0,0.0,0.0,0.0,0.0
2014-09-27,0,0.0,0.0,0.0,0.0,0.0,0.0,0.0,0.0
2014-09-28,0,0.0,0.0,0.0,0.0,0.0,0.0,0.0,0.0
2014-09-29,0,0.0,0.0,0.0,0.0,0.0,0.0,0.0,0.0
2014-09-30,0,0.0,0.0,0.0,0.0,0.0,0.0,0.0,0.0
2014-10-01,0,0.0,0.0,0.0,0.0,0.0,0.0,0.0,0.0
2014-10-02,0,0.0,0.0,0.0,0.0,0.0,0.0,0.0,0.0
2014-10-03,0,0.0,0.0,0.0,0.0,0.0,0.0,0.0,0.0
2014-10-04,1,1.75,2.25,2.75,5.0,9.5,11.75,16.0,20.5
2014-10-05,0,0.25,0.25,0.5,0.75,3.75,5.5,9.5,21.0
2014-10-06,0,0.0,0.0,0.0,0.0,0.0,0.0,0.0,0.25
2014-10-07,0,2.5,2.75,3.0,3.75,4.0,6.75,7.75,7.75
2014-10-08,1,3.0,5.75,10.75,15.25,20.25,22.25,23.25,26.75
2014-10-09,0,0.5,0.5,0.5,0.5,0.5,0.5,1.0,24.25
2014-10-10,0,0.0,0.0,0.0,0.0,0.0,0.0,0.5,0.5
2014-10-11,0,0.0,0.0,0.0,0.0,0.0,0.0,0.0,0.0
2014-10-12,0,0.0,0.0,0.0,0.0,0.0,0.0,0.0,0.0
2014-10-13,0,0.0,0.0,0.0,0.0,0.0,0.0,0.0,0.0
2014-10-14,0,0.0,0.0,0.0,0.0,0.0,0.0,0.0,0.0
2014-10-15,0,1.0,1.25,1.25,1.25,1.25,1.25,1.25,2.25
2014-10-16,0,1.5,1.75,1.75,2.0,2.5,3.5,5.75,9.0
2014-10-17,0,0.0,0.0,0.0,0.0,2.0,2.25,4.25,7.75
2014-10-18,0,0.5,0.75,0.75,1.0,1.0,1.0,1.75,1.75
2014-10-19,0,0.0,0.0,0.0,0.0,0.0,0.0,1.0,1.75
2014-10-20,0,0.0,0.0,0.0,0.0,0.0,0.0,0.0,0.0
2014-10-21,0,0.25,0.25,0.25,0.5,0.75,0.75,1.0,1.25
2014-10-22,0,0.0,0.0,0.0,0.0,0.0,0.0,0.75,1.25
2014-10-23,0,0.75,1.25,2.25,3.75,5.25,5.5,5.75,5.75
2014-10-24,0,0.25,0.25,0.5,0.75,0.75,0.75,5.75,6.5
2014-10-25,0,1.75,3.25,3.75,6.5,7.25,7.25,7.25,7.25
2014-10-26,0,0.5,0.5,0.5,0.5,0.5,1.0,7.75,7.75
2014-10-27,0,0.0,0.0,0.0,0.0,0.0,0.0,0.0,0.0
2014-10-28,0,0.25,0.5,1.0,1.0,1.0,1.0,1.25,1.5
2014-10-29,0,0.25,0.5,0.75,1.0,1.25,1.5,1.5,2.75
2014-10-30,0,0.0,0.0,0.0,0.0,0.0,0.0,0.0,1.0
2014-10-31,0,0.0,0.0,0.0,0.0,0.0,0.0,0.0,0.0
2015-05-01,0,0.0,0.0,0.0,0.0,0.0,0.0,0.0,0.0
2015-05-02,0,0.0,0.0,0.0,0.0,0.0,0.0,0.0,0.0
2015-05-03,0,0.0,0.0,0.0,0.0,0.0,0.0,0.0,0.0
2015-05-04,0,0.25,0.25,0.25,0.5,0.5,0.5,0.5,0.5
2015-05-05,0,0.0,0.0,0.0,0.0,0.25,0.5,0.5,0.5
2015-05-06,0,0.0,0.0,0.0,0.0,0.0,0.0,0.0,0.0
2015-05-07,0,0.0,0.0,0.0,0.0,0.0,0.0,0.0,0.0
2015-05-08,0,0.0,0.0,0.0,0.0,0.0,0.0,0.0,0.0
2015-05-09,1,3.25,3.5,3.5,5.5,6.0,6.0,6.0,6.0
2015-05-10,1,0.25,0.25,0.25,0.25,0.5,2.5,6.0,6.25
2015-05-11,1,1.5,2.25,3.5,6.0,10.75,14.75,17.0,17.0
2015-05-12,1,5.75,8.25,9.75,17.25,17.25,17.5,20.25,20.5
2015-05-13,0,0.25,0.25,0.25,0.25,0.25,0.25,17.5,20.75
2015-05-14,0,0.0,0.0,0.0,0.0,0.0,0.0,0.0,0.25
2015-05-15,0,0.0,0.0,0.0,0.0,0.0,0.0,0.0,0.0
2015-05-16,0,0.0,0.0,0.0,0.0,0.0,0.0,0.0,0.0
2015-05-17,0,0.0,0.0,0.0,0.0,0.0,0.0,0.0,0.0
2015-05-18,0,6.5,8.25,10.0,12.0,19.0,19.0,19.0,19.0
2015-05-19,0,0.0,0.25,7.0,7.0,18.5,19.0,19.0,19.0
2015-05-20,0,0.0,0.0,0.0,0.0,0.0,0.0,0.0,0.0
2015-05-21,0,0.0,0.0,0.0,0.0,0.0,0.0,0.0,0.0
2015-05-22,0,0.25,0.25,0.25,0.25,0.25,0.25,0.25,0.25
2015-05-23,0,0.0,0.0,0.0,0.0,0.0,0.0,0.0,0.25
2015-05-24,1,0.0,0.0,0.0,0.0,0.0,0.0,0.0,0.0
2015-05-25,1,2.0,3.5,5.0,6.75,11.5,15.5,17.25,17.25
2015-05-26,0,1.0,1.25,1.75,3.0,8.5,13.25,20.0,20.0
2015-05-27,0,0.0,0.0,0.0,0.0,0.0,0.0,0.0,1.75
2015-05-28,0,5.25,9.0,9.75,9.75,9.75,12.0,12.0,12.0
2015-05-29,0,0.0,0.0,0.0,0.0,0.0,0.0,6.75,12.0
2015-05-30,1,1.75,2.0,2.25,2.75,2.75,2.75,2.75,4.5
2015-05-31,0,0.25,0.5,0.5,1.0,2.5,3.25,4.5,6.0
2015-06-01,0,0.25,0.5,0.5,0.75,0.75,0.75,0.75,1.75
2015-06-02,0,0.25,0.5,1.0,1.25,2.0,2.5,3.0,3.0
2015-06-03,0,0.0,0.0,0.0,0.0,0.0,0.0,0.0,3.0
2015-06-04,0,0.0,0.0,0.0,0.0,0.0,0.0,0.0,0.0
2015-06-05,0,3.75,6.5,8.5,9.0,9.0,9.0,9.0,9.0
2015-06-06,0,0.0,0.0,0.0,0.0,0.0,0.0,9.0,9.0
2015-06-07,0,0.0,0.0,0.0,0.0,0.0,0.0,0.0,0.0
2015-06-08,1,4.75,5.5,6.75,8.0,11.5,18.5,24.875,25.125
2015-06-09,0,2.25,2.75,4.0,6.25,7.5,8.5,8.5,25.125
2015-06-10,0,0.5,0.5,0.75,1.0,1.75,4.75,8.75,8.75
2015-06-11,0,0.0,0.5,0.5,1.0,1.25,1.75,1.75,2.0
2015-06-12,1,1.0,1.5,2.5,4.5,7.25,8.5,9.0,9.0
2015-06-13,1,0.25,0.25,0.25,0.25,4.75,7.5,9.0,9.25
2015-06-14,0,0.0,0.0,0.0,0.0,0.0,0.0,0.0,0.25
2015-06-15,0,0.5,0.75,1.0,1.0,1.0,1.0,1.0,1.0
2015-06-16,1,4.0,7.75,11.5,16.0,21.0,25.0,33.75,33.75
2015-06-17,0,0.0,0.0,0.0,0.0,0.0,0.0,8.75,33.75
2015-06-18,0,1.0,1.75,3.25,4.25,4.5,4.5,4.5,4.5
2015-06-19,0,0.0,0.0,0.25,1.0,4.5,4.5,4.5,4.5
2015-06-20,0,0.0,0.0,0.0,0.0,0.0,0.0,0.0,0.0
2015-06-21,0,0.5,0.75,0.75,0.75,0.75,0.75,0.75,0.75
2015-06-22,0,0.0,0.0,0.0,0.25,0.75,0.75,0.75,0.75
2015-06-23,0,0.75,1.0,1.0,1.0,1.0,1.0,1.25,1.25
2015-06-24,0,0.0,0.0,0.0,0.0,0.0,0.0,0.25,1.25
2015-06-25,0,0.0,0.0,0.0,0.0,0.0,0.0,0.0,0.0
2015-06-26,0,0.0,0.0,0.0,0.0,0.0,0.0,0.0,0.0
2015-06-27,0,0.0,0.0,0.0,0.0,0.0,0.0,0.0,0.0
2015-06-28,0,1.25,2.5,4.25,7.25,9.25,12.75,17.0,17.5
2015-06-29,0,0.25,0.25,0.25,0.5,0.5,2.0,13.5,18.0
2015-06-30,0,1.0,1.0,1.25,1.5,1.5,2.5,2.5,2.5
2015-07-01,1,10.5,13.0,14.5,18.0,23.25,23.5,24.25,29.25
2015-07-02,0,0.0,0.0,0.0,0.0,0.5,0.75,21.25,27.5
2015-07-03,0,0.0,0.0,0.0,0.0,0.0,0.0,0.0,0.0
2015-07-04,0,0.0,0.0,0.0,0.0,0.0,0.0,0.0,0.0
2015-07-05,0,0.0,0.0,0.0,0.0,0.0,0.0,0.0,0.0
2015-07-06,0,0.0,0.0,0.0,0.0,0.0,0.0,0.0,0.0
2015-07-07,1,3.0,3.5,3.5,5.0,5.5,5.5,6.25,6.25
2015-07-08,0,1.0,1.5,1.5,2.25,2.25,2.5,3.25,8.75
2015-07-09,0,0.0,0.0,0.0,0.0,0.0,0.0,0.0,2.5
2015-07-10,0,0.0,0.0,0.0,0.0,0.0,0.0,0.0,0.0
2015-07-11,0,0.0,0.0,0.0,0.0,0.0,0.0,0.0,0.0
2015-07-12,0,0.0,0.0,0.0,0.0,0.0,0.0,0.0,0.0
2015-07-13,0,0.0,0.0,0.0,0.0,0.0,0.0,0.0,0.0
2015-07-14,0,0.0,0.0,0.0,0.0,0.0,0.0,0.0,0.0
2015-07-15,0,0.0,0.0,0.0,0.0,0.0,0.0,0.0,0.0
2015-07-16,0,0.0,0.0,0.0,0.0,0.0,0.0,0.0,0.0
2015-07-17,0,0.25,0.5,0.75,1.0,1.0,1.0,1.0,1.0
2015-07-18,0,2.0,3.25,4.75,5.75,7.0,7.75,8.25,8.25
2015-07-19,0,3.25,6.0,6.25,7.5,12.0,12.25,12.25,20.25
2015-07-20,0,0.0,0.25,6.25,6.25,7.0,7.5,8.0,20.25
2015-07-21,0,6.5,7.25,7.75,7.75,9.0,13.0,14.75,14.75
2015-07-22,0,0.25,0.25,0.25,0.25,0.25,0.25,9.75,15.0
2015-07-23,0,0.0,0.0,0.0,0.0,0.0,0.0,0.0,0.25
2015-07-24,0,0.25,0.25,0.25,0.5,0.5,0.5,0.5,0.5
2015-07-25,0,0.0,0.0,0.0,0.0,0.0,0.0,0.0,0.5
2015-07-26,0,2.0,3.25,4.5,4.5,6.25,7.5,7.5,7.5
2015-07-27,1,11.25,16.0,16.0,16.0,16.0,16.0,16.0,16.0
2015-07-28,0,0.0,0.0,0.0,0.0,16.0,16.0,16.0,16.0
2015-07-29,0,0.0,0.0,0.0,0.0,0.0,0.0,0.0,0.0
2015-07-30,0,1.5,2.5,3.5,3.5,3.5,3.5,3.5,3.5
2015-07-31,0,1.0,1.25,1.25,1.25,1.25,1.25,1.25,3.5
2015-08-01,0,0.0,0.0,0.0,0.0,1.25,1.25,1.25,1.25
2015-08-02,0,0.0,0.0,0.0,0.0,0.0,0.0,0.0,0.0
2015-08-03,0,0.25,0.25,0.25,0.25,0.25,0.25,0.25,0.25
2015-08-04,0,0.25,0.25,0.25,0.5,0.5,0.5,0.5,0.5
2015-08-05,0,0.0,0.25,0.25,0.5,0.5,0.5,0.5,0.5
2015-08-06,0,0.0,0.0,0.0,0.0,0.0,0.0,0.0,0.0
2015-08-07,0,0.0,0.0,0.0,0.0,0.0,0.0,0.0,0.0
2015-08-08,0,0.0,0.0,0.0,0.0,0.0,0.0,0.0,0.0
2015-08-09,0,0.0,0.0,0.0,0.0,0.0,0.0,0.0,0.0
2015-08-10,0,0.5,1.0,1.25,1.25,1.25,1.25,1.25,1.25
2015-08-11,1,3.5,6.75,8.75,16.0,24.25,29.25,48.60499011857708,52.10499011857708
2015-08-12,0,0.75,1.25,2.0,2.5,2.5,2.5,3.5,49.10499011857708
2015-08-13,0,0.0,0.0,0.0,0.0,0.0,0.0,0.75,2.5
2015-08-14,0,1.25,1.75,3.0,3.75,5.25,5.25,5.25,5.25
2015-08-15,0,0.0,0.0,0.0,0.0,0.0,0.0,0.75,5.25
2015-08-16,0,0.0,0.0,0.0,0.0,0.0,0.0,0.0,0.0
2015-08-17,0,0.0,0.0,0.0,0.0,0.0,0.0,0.0,0.0
2015-08-18,0,5.5,7.5,7.5,7.5,7.5,7.5,7.5,7.5
2015-08-19,0,0.5,2.5,8.0,8.0,8.0,8.0,8.0,8.0
2015-08-20,0,0.0,0.0,0.0,0.0,0.0,0.0,0.0,0.0
2015-08-21,1,2.5,4.0,5.75,8.0,10.75,10.75,10.75,10.75
2015-08-22,0,0.0,0.0,0.0,0.0,0.0,0.0,0.0,10.75
2015-08-23,0,0.0,0.0,0.0,0.0,0.0,0.0,0.0,0.0
2015-08-24,0,0.25,0.25,0.25,0.25,0.25,0.25,0.25,0.25
2015-08-25,0,0.0,0.0,0.25,0.25,0.25,0.25,0.25,0.25
2015-08-26,0,0.0,0.0,0.0,0.0,0.0,0.0,0.0,0.0
2015-08-27,0,1.25,2.0,2.0,2.0,2.0,2.0,2.0,2.0
2015-08-28,0,0.0,0.0,0.0,0.0,0.0,0.0,2.0,2.0
2015-08-29,0,0.0,0.0,0.0,0.0,0.0,0.0,0.0,0.0
2015-08-30,0,0.0,0.0,0.0,0.0,0.0,0.0,0.0,0.0
2015-08-31,0,0.0,0.0,0.0,0.0,0.0,0.0,0.0,0.0
2015-09-01,0,0.0,0.0,0.0,0.0,0.0,0.0,0.0,0.0
2015-09-02,0,0.0,0.0,0.0,0.0,0.0,0.0,0.0,0.0
2015-09-03,0,0.0,0.0,0.0,0.0,0.0,0.0,0.0,0.0
2015-09-04,0,0.0,0.0,0.0,0.0,0.0,0.0,0.0,0.0
2015-09-05,0,0.0,0.0,0.0,0.0,0.0,0.0,0.0,0.0
2015-09-06,0,0.0,0.0,0.0,0.0,0.0,0.0,0.0,0.0
2015-09-07,1,6.25,10.25,14.75,15.75,15.75,15.75,15.75,15.75
2015-09-08,0,0.0,0.0,0.0,0.0,15.75,15.75,15.75,15.75
2015-09-09,0,0.0,0.0,0.0,0.0,0.0,0.0,0.0,0.0
2015-09-10,0,0.0,0.0,0.0,0.0,0.0,0.0,0.0,0.0
2015-09-11,0,0.0,0.0,0.0,0.0,0.0,0.0,0.0,0.0
2015-09-12,0,1.0,1.75,2.5,4.0,6.25,7.5,8.25,9.25
2015-09-13,1,7.25,10.0,10.75,12.75,13.0,16.5,18.75,35.0
2015-09-14,1,4.0,6.25,8.75,13.0,14.5,18.5,18.75,36.25
2015-09-15,0,0.0,0.0,0.0,0.0,0.0,0.0,0.0,18.75
2015-09-16,0,0.0,0.0,0.0,0.0,0.0,0.0,0.0,0.0
2015-09-17,0,0.0,0.0,0.0,0.0,0.0,0.0,0.0,0.0
2015-09-18,0,0.0,0.0,0.0,0.0,0.0,0.0,0.0,0.0
2015-09-19,0,1.75,3.5,5.25,6.75,7.0,7.25,7.25,7.25
2015-09-20,0,0.0,0.0,0.0,0.0,6.25,7.0,7.25,7.25
2015-09-21,0,0.0,0.0,0.0,0.0,0.0,0.0,0.0,0.0
2015-09-22,0,0.0,0.0,0.0,0.0,0.0,0.0,0.0,0.0
2015-09-23,0,0.0,0.0,0.0,0.0,0.0,0.0,0.0,0.0
2015-09-24,0,0.0,0.0,0.0,0.0,0.0,0.0,0.0,0.0
2015-09-25,0,0.0,0.0,0.0,0.0,0.0,0.0,0.0,0.0
2015-09-26,0,0.0,0.0,0.0,0.0,0.0,0.0,0.0,0.0
2015-09-27,0,0.0,0.0,0.0,0.0,0.0,0.0,0.0,0.0
2015-09-28,0,0.5,1.0,1.25,1.75,2.0,2.0,2.0,2.0
2015-09-29,1,8.5,11.25,14.75,18.5,21.75,23.25,23.75,24.0
2015-09-30,0,0.75,1.5,2.25,3.5,4.5,7.5,28.25,29.5
2015-10-01,0,0.0,0.0,0.0,0.0,0.0,0.0,0.0,5.75
2015-10-02,0,0.0,0.0,0.0,0.0,0.0,0.0,0.0,0.0
2015-10-03,0,0.0,0.0,0.0,0.0,0.0,0.0,0.0,0.0
2015-10-04,0,0.0,0.0,0.0,0.0,0.0,0.0,0.0,0.0
2015-10-05,0,0.0,0.0,0.0,0.0,0.0,0.0,0.0,0.0
2015-10-06,0,0.0,0.0,0.0,0.0,0.0,0.0,0.0,0.0
2015-10-07,0,0.0,0.0,0.0,0.0,0.0,0.0,0.0,0.0
2015-10-08,0,0.0,0.0,0.0,0.0,0.0,0.0,0.0,0.0
2015-10-09,0,1.25,1.5,2.5,5.0,6.75,7.0,8.5,8.75
2015-10-10,0,0.0,0.0,0.0,0.0,0.0,0.0,1.75,8.75
2015-10-11,0,0.0,0.0,0.0,0.0,0.0,0.0,0.0,0.0
2015-10-12,0,0.0,0.0,0.0,0.0,0.0,0.0,0.0,0.0
2015-10-13,0,1.75,3.25,3.5,4.5,5.75,7.0,7.0,7.0
2015-10-14,0,0.0,0.0,0.0,0.0,0.0,1.0,7.0,7.0
2015-10-15,0,2.0,4.0,6.75,10.25,11.0,11.25,12.0,12.0
2015-10-16,0,0.5,0.5,0.5,0.5,4.75,11.25,12.0,12.0
2015-10-17,1,1.25,2.5,4.75,7.5,8.0,9.25,11.25,11.75
2015-10-18,0,0.0,0.0,0.0,0.0,0.0,0.0,0.5,10.75
2015-10-19,0,0.0,0.0,0.0,0.0,0.0,0.0,0.0,0.0
2015-10-20,0,0.0,0.0,0.0,0.0,0.0,0.0,0.0,0.0
2015-10-21,0,0.0,0.0,0.0,0.0,0.0,0.0,0.0,0.0
2015-10-22,0,0.5,1.0,1.5,2.0,2.5,2.75,2.75,2.75
2015-10-23,0,0.0,0.0,0.0,0.0,0.0,0.0,0.0,2.75
2015-10-24,0,0.5,0.5,0.5,0.5,0.5,0.5,0.5,0.5
2015-10-25,1,2.5,5.0,9.0,12.75,18.75,21.25,22.0,22.0
2015-10-26,0,0.0,0.0,0.0,0.0,0.0,0.0,0.0,21.25
2015-10-27,0,0.0,0.0,0.0,0.0,0.0,0.0,0.0,0.0
2015-10-28,1,2.25,4.0,7.5,12.75,22.25,25.75,28.75,28.75
2015-10-29,1,2.75,4.0,7.25,9.5,12.5,14.5,38.25,44.75
2015-10-30,0,0.0,0.0,0.0,0.0,0.0,0.0,0.25,15.75
2015-10-31,0,0.0,0.0,0.0,0.0,0.0,0.0,0.0,0.0
2016-05-01,0,0.625,1.1409574468085109,2.016304347826087,2.7508094357076778,3.949966017859503,5.1086154165644055,5.943721799543129,5.943721799543129
2016-05-02,0,0.5,0.75,1.25,1.25,3.5008094357076778,4.594819611470861,6.193721799543129,7.608615416564405
2016-05-03,0,0.0,0.0,0.0,0.0,0.0,0.0,1.25,1.75
2016-05-04,0,0.0,0.0,0.0,0.0,0.0,0.0,0.0,0.0
2016-05-05,0,0.0,0.0,0.0,0.0,0.0,0.0,0.0,0.0
2016-05-06,0,0.0,0.0,0.0,0.0,0.0,0.0,0.0,0.0
2016-05-07,0,0.0,0.0,0.0,0.0,0.0,0.0,0.0,0.0
2016-05-08,1,2.0,3.75,6.0,8.25,10.25,11.0,11.25,11.25
2016-05-09,0,0.0,0.0,0.0,0.0,0.0,0.0,0.0,11.25
2016-05-10,0,0.0,0.0,0.0,0.0,0.0,0.0,0.0,0.0
2016-05-11,0,0.0,0.0,0.0,0.0,0.0,0.0,0.0,0.0
2016-05-12,0,0.0,0.0,0.0,0.0,0.0,0.0,0.0,0.0
2016-05-13,0,1.0,1.5,2.75,3.75,3.75,3.75,3.75,3.75
2016-05-14,0,1.5,2.0,2.25,3.0,3.25,3.5,3.5,3.75
2016-05-15,0,0.25,0.5,0.75,1.0,1.0,1.25,3.5,3.5
2016-05-16,0,0.25,0.25,0.25,0.75,1.0,1.0,1.25,1.25
2016-05-17,0,0.0,0.0,0.0,0.0,0.0,0.0,0.0,0.25
2016-05-18,0,0.0,0.0,0.0,0.0,0.0,0.0,0.0,0.0
2016-05-19,0,0.0,0.0,0.0,0.0,0.0,0.0,0.0,0.0
2016-05-20,0,0.0,0.0,0.0,0.0,0.0,0.0,0.0,0.0
2016-05-21,0,0.0,0.0,0.0,0.0,0.0,0.0,0.0,0.0
2016-05-22,0,0.0,0.0,0.0,0.0,0.0,0.0,0.0,0.0
2016-05-23,0,0.0,0.0,0.0,0.0,0.0,0.0,0.0,0.0
2016-05-24,0,0.0,0.0,0.0,0.0,0.0,0.0,0.0,0.0
2016-05-25,0,0.0,0.0,0.0,0.0,0.0,0.0,0.0,0.0
2016-05-26,0,0.0,0.0,0.0,0.0,0.0,0.0,0.0,0.0
2016-05-27,0,5.75,6.75,7.25,8.25,8.25,8.25,8.25,8.25
2016-05-28,0,0.0,0.0,0.0,0.0,0.0,0.0,8.25,8.25
2016-05-29,0,1.0,1.0,1.0,1.0,1.25,1.25,1.75,2.0
2016-05-30,0,0.75,0.75,0.75,1.0,1.0,1.0,1.75,3.0
2016-05-31,0,0.0,0.0,0.0,0.0,0.0,0.0,0.0,1.0
2016-06-01,0,0.0,0.0,0.0,0.0,0.0,0.0,0.0,0.0
2016-06-02,0,0.75,1.25,1.75,2.5,3.75,4.25,5.5,5.5
2016-06-03,0,0.0,0.0,0.0,0.0,0.0,0.75,2.0,5.5
2016-06-04,0,0.0,0.0,0.0,0.0,0.0,0.0,0.0,0.0
2016-06-05,1,5.75,8.75,17.0,22.0,34.0,39.5,43.5,43.5
2016-06-06,0,1.5,1.75,1.75,1.75,1.75,3.25,42.0,45.75
2016-06-07,0,0.0,0.0,0.0,0.0,0.0,0.0,0.0,2.25
2016-06-08,0,0.25,0.25,0.5,0.75,0.75,0.75,0.75,0.75
2016-06-09,0,0.5,0.5,0.75,0.75,1.5,1.5,1.75,1.75
2016-06-10,0,0.0,0.0,0.0,0.0,0.0,0.0,0.0,0.5
2016-06-11,0,0.0,0.0,0.0,0.0,0.0,0.0,0.0,0.0
2016-06-12,0,0.0,0.0,0.0,0.0,0.0,0.0,0.0,0.0
2016-06-13,0,1.5,1.5,1.5,1.5,1.5,1.5,1.5,1.5
2016-06-14,0,0.0,0.0,0.0,0.0,0.0,0.0,1.5,1.5
2016-06-15,0,0.0,0.0,0.0,0.0,0.0,0.0,0.0,0.0
2016-06-16,0,0.0,0.0,0.0,0.0,0.0,0.0,0.0,0.0
2016-06-17,0,0.0,0.0,0.0,0.0,0.0,0.0,0.0,0.0
2016-06-18,0,0.0,0.0,0.0,0.0,0.0,0.0,0.0,0.0
2016-06-19,0,0.0,0.0,0.0,0.0,0.0,0.0,0.0,0.0
2016-06-20,0,0.25,0.5,0.5,0.75,0.75,0.75,0.75,0.75
2016-06-21,0,0.0,0.0,0.25,0.75,0.75,0.75,0.75,0.75
2016-06-22,0,0.75,0.75,0.75,0.75,0.75,1.0,1.0,1.0
2016-06-23,0,0.0,0.0,0.0,0.0,0.0,0.0,0.75,1.0
2016-06-24,0,0.0,0.0,0.0,0.0,0.0,0.0,0.0,0.0
2016-06-25,0,0.0,0.0,0.0,0.0,0.0,0.0,0.0,0.0
2016-06-26,0,0.0,0.0,0.0,0.0,0.0,0.0,0.0,0.0
2016-06-27,0,1.0,1.5,1.75,1.75,2.25,2.25,2.25,2.25
2016-06-28,1,12.5,17.25,22.75,23.25,23.5,23.75,30.5,31.25
2016-06-29,1,0.75,0.75,0.75,23.25,23.25,23.75,30.5,31.25
2016-06-30,0,0.0,0.0,0.0,0.0,0.0,0.0,0.0,0.75
2016-07-01,0,0.5,1.0,1.25,1.75,1.75,1.75,1.75,1.75
2016-07-02,0,0.0,0.0,0.0,0.0,0.0,1.0,1.75,1.75
2016-07-03,0,0.0,0.0,0.0,0.0,0.0,0.0,0.0,0.0
2016-07-04,0,0.0,0.0,0.0,0.0,0.0,0.0,0.0,0.0
2016-07-05,0,0.0,0.0,0.0,0.0,0.0,0.0,0.0,0.0
2016-07-06,0,2.25,2.75,3.25,3.25,3.25,3.25,3.25,3.25
2016-07-07,0,0.25,0.25,0.25,0.25,0.25,0.25,3.25,3.5
2016-07-08,0,0.0,0.0,0.0,0.0,0.0,0.0,0.0,0.25
2016-07-09,1,3.0,5.0,7.5,9.75,11.0,11.5,21.75,22.75
2016-07-10,0,0.5,0.5,0.75,0.75,0.75,1.0,9.25,22.75
2016-07-11,0,0.0,0.0,0.0,0.0,0.0,0.0,0.25,1.5
2016-07-12,0,0.0,0.0,0.0,0.0,0.0,0.0,0.0,0.0
2016-07-13,0,0.0,0.0,0.0,0.0,0.0,0.0,0.0,0.0
2016-07-14,0,1.25,2.25,3.0,3.5,5.0,5.0,5.0,5.0
2016-07-15,0,5.25,5.75,6.5,6.75,6.75,6.75,6.75,6.75
2016-07-16,0,0.5,0.5,0.5,0.5,0.75,6.75,7.5,7.5
2016-07-17,0,0.0,0.0,0.0,0.0,0.0,0.0,0.0,0.75
2016-07-18,0,4.25,5.5,5.75,6.25,6.25,6.25,10.0,10.0
2016-07-19,0,0.0,0.0,0.0,0.0,0.0,0.0,6.25,10.0
2016-07-20,0,0.0,0.0,0.0,0.0,0.0,0.0,0.0,0.0
2016-07-21,0,0.0,0.0,0.0,0.0,0.0,0.0,0.0,0.0
2016-07-22,0,7.0,7.75,7.75,7.75,7.75,7.75,7.75,7.75
2016-07-23,0,12.0,16.0,16.25,16.25,17.75,21.0,22.5,22.5
2016-07-24,0,0.0,0.0,0.0,0.0,0.0,0.0,17.75,22.5
2016-07-25,0,0.75,1.25,1.25,1.5,1.75,2.0,2.5,2.5
2016-07-26,0,0.25,0.5,0.5,0.5,0.5,0.5,1.75,2.5
2016-07-27,0,0.0,0.0,0.0,0.0,0.0,0.0,0.5,0.5
2016-07-28,0,0.0,0.0,0.0,0.0,0.0,0.0,0.0,0.0
2016-07-29,0,0.0,0.0,0.0,0.0,0.0,0.0,0.0,0.0
2016-07-30,0,0.0,0.0,0.0,0.0,0.0,0.0,0.0,0.0
2016-07-31,0,0.0,0.0,0.0,0.0,0.0,0.0,0.0,0.0
2016-08-01,0,0.0,0.0,0.0,0.0,0.0,0.0,0.0,0.0
2016-08-02,0,0.0,0.0,0.0,0.0,0.0,0.0,0.0,0.0
2016-08-03,0,0.0,0.0,0.0,0.0,0.0,0.0,0.0,0.0
2016-08-04,0,0.0,0.0,0.0,0.0,0.0,0.0,0.0,0.0
2016-08-05,0,0.0,0.0,0.0,0.0,0.0,0.0,0.0,0.0
2016-08-06,0,0.0,0.0,0.0,0.0,0.0,0.0,0.0,0.0
2016-08-07,0,0.5,0.75,0.75,1.0,1.0,1.0,1.0,1.0
2016-08-08,0,0.0,0.0,0.0,0.0,0.0,0.0,1.0,1.0
2016-08-09,0,0.0,0.0,0.0,0.0,0.0,0.0,0.0,0.0
2016-08-10,0,0.0,0.0,0.0,0.0,0.0,0.0,0.0,0.0
2016-08-11,0,0.0,0.0,0.0,0.0,0.0,0.0,0.0,0.0
2016-08-12,0,1.5,2.0,2.0,2.0,2.0,2.0,3.0,3.0
2016-08-13,1,8.0,8.5,8.75,9.75,11.25,11.5,14.75,15.75
2016-08-14,1,4.5,5.0,6.75,8.5,11.25,15.0,26.5,30.5
2016-08-15,0,0.0,0.0,0.0,0.0,0.0,0.0,0.0,15.25
2016-08-16,1,8.0,12.75,20.0,38.0,58.75,78.5,89.25,89.25
2016-08-17,1,0.75,1.75,11.75,18.5,39.25,77.25,92.5,92.5
2016-08-18,0,0.25,0.25,0.25,0.25,0.25,0.25,0.25,2.5
2016-08-19,0,0.0,0.0,0.0,0.0,0.0,0.0,0.0,0.25
2016-08-20,0,0.0,0.0,0.0,0.0,0.0,0.0,0.0,0.0
2016-08-21,1,2.5,4.25,6.75,10.0,19.0,22.0,22.25,22.25
2016-08-22,0,0.0,0.0,0.0,0.0,0.0,0.75,22.25,22.25
2016-08-23,0,0.0,0.0,0.0,0.0,0.0,0.0,0.0,0.0
2016-08-24,0,0.0,0.0,0.0,0.0,0.0,0.0,0.0,0.0
2016-08-25,0,1.25,1.5,1.75,2.0,2.0,2.0,2.0,2.0
2016-08-26,0,0.0,0.0,0.0,0.0,0.0,0.0,1.75,2.0
2016-08-27,0,0.0,0.0,0.0,0.0,0.0,0.0,0.0,0.0
2016-08-28,0,0.0,0.0,0.0,0.0,0.0,0.0,0.0,0.0
2016-08-29,0,0.0,0.0,0.0,0.0,0.0,0.0,0.0,0.0
2016-08-30,0,0.25,0.25,0.25,0.25,0.25,0.25,0.25,0.25
2016-08-31,0,0.25,0.25,0.25,0.25,0.25,0.25,0.25,0.5
2016-09-01,0,0.25,0.25,0.25,0.25,0.25,0.25,0.25,0.25
2016-09-02,0,0.0,0.0,0.0,0.0,0.25,0.25,0.25,0.25
2016-09-03,0,0.0,0.0,0.0,0.0,0.0,0.0,0.0,0.0
2016-09-04,0,0.0,0.0,0.0,0.0,0.0,0.0,0.0,0.0
2016-09-05,0,0.0,0.0,0.0,0.0,0.0,0.0,0.0,0.0
2016-09-06,0,0.0,0.0,0.0,0.0,0.0,0.0,0.0,0.0
2016-09-07,0,2.25,4.0,4.75,4.75,4.75,4.75,4.75,4.75
2016-09-08,0,3.25,3.75,4.25,5.25,7.25,7.25,7.5,13.25
2016-09-09,0,0.0,0.0,0.0,0.0,0.0,0.0,7.25,8.5
2016-09-10,0,1.0,1.25,1.25,1.25,1.25,1.25,1.25,1.25
2016-09-11,0,4.25,4.25,5.25,5.5,5.5,7.25,7.5,8.5
2016-09-12,0,0.0,0.0,0.0,0.0,0.0,0.0,0.0,7.25
2016-09-13,0,0.0,0.0,0.0,0.0,0.0,0.0,0.0,0.0
2016-09-14,0,0.0,0.0,0.0,0.0,0.0,0.0,0.0,0.0
2016-09-15,0,0.0,0.0,0.0,0.0,0.0,0.0,0.0,0.0
2016-09-16,0,0.0,0.0,0.0,0.0,0.0,0.0,0.0,0.0
2016-09-17,0,0.5,0.5,0.5,0.75,1.0,1.0,1.25,1.25
2016-09-18,0,0.5,0.75,1.0,1.25,2.0,2.0,3.0,3.0
2016-09-19,0,0.0,0.0,0.0,0.0,0.0,0.0,0.0,1.5
2016-09-20,0,0.0,0.0,0.0,0.0,0.0,0.0,0.0,0.0
2016-09-21,0,0.0,0.0,0.0,0.0,0.0,0.0,0.0,0.0
2016-09-22,0,0.5,0.5,0.5,0.5,0.5,0.5,0.5,0.5
2016-09-23,0,0.25,0.5,1.0,1.25,1.25,1.25,1.75,1.75
2016-09-24,0,0.0,0.0,0.0,0.0,0.0,0.0,0.0,1.25
2016-09-25,0,0.0,0.0,0.0,0.0,0.0,0.0,0.0,0.0
2016-09-26,0,0.0,0.0,0.0,0.0,0.0,0.0,0.0,0.0
2016-09-27,0,0.5,0.75,1.25,2.0,2.5,2.5,2.75,2.75
2016-09-28,0,0.0,0.0,0.0,0.0,0.0,0.0,0.0,2.75
2016-09-29,0,0.0,0.0,0.0,0.0,0.0,0.0,0.0,0.0
2016-09-30,0,0.0,0.0,0.0,0.0,0.0,0.0,0.0,0.0
2016-10-01,0,0.0,0.0,0.0,0.0,0.0,0.0,0.0,0.0
2016-10-02,0,0.25,0.25,0.25,0.5,0.75,1.0,1.0,1.0
2016-10-03,0,0.25,0.25,0.25,0.5,0.5,0.75,1.5,1.5
2016-10-04,0,0.0,0.0,0.0,0.0,0.0,0.0,0.0,0.5
2016-10-05,0,0.0,0.0,0.0,0.0,0.0,0.0,0.0,0.0
2016-10-06,0,0.0,0.0,0.0,0.0,0.0,0.0,0.0,0.0
2016-10-07,0,0.0,0.0,0.0,0.0,0.0,0.0,0.0,0.0
2016-10-08,1,2.0,4.0,6.0,8.75,10.5,13.25,17.0,17.0
2016-10-09,0,0.25,0.25,0.25,0.25,0.25,0.25,10.25,17.25
2016-10-10,0,0.0,0.0,0.0,0.0,0.0,0.0,0.0,0.25
2016-10-11,0,0.0,0.0,0.0,0.0,0.0,0.0,0.0,0.0
2016-10-12,0,0.0,0.0,0.0,0.0,0.0,0.0,0.0,0.0
2016-10-13,1,1.25,2.25,4.25,5.75,7.0,7.0,7.0,7.0
2016-10-14,0,0.0,0.0,0.0,0.0,0.0,0.0,1.25,7.0
2016-10-15,0,0.0,0.0,0.0,0.0,0.0,0.0,0.0,0.0
2016-10-16,0,3.0,4.25,4.25,4.5,5.75,8.5,9.5,10.5
2016-10-17,0,0.0,0.0,0.0,0.25,0.25,1.0,5.75,10.5
2016-10-18,0,1.25,1.75,2.5,4.25,4.5,5.25,5.25,6.0
2016-10-19,0,0.0,0.0,0.0,0.0,0.25,0.75,0.75,6.0
2016-10-20,1,1.75,3.0,5.25,9.25,14.5,15.75,17.25,17.25
2016-10-21,1,1.5,2.75,5.0,9.25,15.75,23.25,40.75,57.25
2016-10-22,1,1.0,1.75,3.5,6.25,10.5,15.5,21.5,41.75
2016-10-23,1,1.0,2.0,3.5,5.75,11.0,16.5,28.75,36.0
2016-10-24,0,0.0,0.0,0.0,0.0,0.0,0.0,0.0,9.75
2016-10-25,0,0.0,0.0,0.0,0.0,0.0,0.0,0.0,0.0
2016-10-26,0,0.0,0.0,0.0,0.0,0.0,0.0,0.0,0.0
2016-10-27,0,1.0,2.0,3.25,5.75,7.5,10.0,10.0,10.0
2016-10-28,0,0.5,1.0,2.0,3.75,6.25,10.25,17.5,18.75
2016-10-29,0,1.0,1.5,2.0,3.25,4.5,4.5,5.5,8.25
2016-10-30,0,0.0,0.0,0.0,0.0,0.0,0.25,1.25,6.25
2016-10-31,0,0.0,0.0,0.0,0.0,0.0,0.0,0.0,0.0
2017-05-01,0,5.25,7.5,9.0,9.75,14.75,18.25,34.5,50.5
2017-05-02,0,0.0,0.25,0.5,1.0,10.25,11.5,15.75,50.25
2017-05-03,0,0.0,0.0,0.0,0.0,0.0,0.0,0.0,0.0
2017-05-04,0,0.0,0.0,0.0,0.0,0.0,0.0,0.0,0.0
2017-05-05,0,1.5,2.25,3.75,4.75,8.0,9.25,13.0,16.0
2017-05-06,0,3.0,3.75,4.5,4.5,4.75,7.25,13.75,20.5
2017-05-07,0,0.5,1.0,1.75,3.0,4.0,4.25,6.25,10.25
2017-05-08,0,0.0,0.0,0.0,0.0,0.0,0.0,0.0,6.25
2017-05-09,0,0.0,0.0,0.0,0.0,0.0,0.0,0.0,0.0
2017-05-10,0,0.0,0.0,0.0,0.0,0.0,0.0,0.0,0.0
2017-05-11,0,0.0,0.0,0.0,0.0,0.0,0.0,0.0,0.0
2017-05-12,0,0.0,0.0,0.0,0.0,0.0,0.0,0.0,0.0
2017-05-13,0,0.5,0.5,0.75,1.0,1.0,1.0,1.0,1.0
2017-05-14,0,0.25,0.5,0.75,1.0,1.5,1.5,2.0,3.25
2017-05-15,0,0.25,0.5,0.75,1.0,1.0,1.0,2.0,3.25
2017-05-16,0,0.0,0.0,0.0,0.0,0.0,0.0,0.0,0.25
2017-05-17,0,0.0,0.0,0.0,0.0,0.0,0.0,0.0,0.0
2017-05-18,0,0.5,0.5,0.5,0.5,0.75,0.75,0.75,0.75
2017-05-19,0,0.0,0.25,0.25,0.25,0.75,0.75,0.75,0.75
2017-05-20,0,0.0,0.0,0.0,0.0,0.0,0.0,0.0,0.0
2017-05-21,0,0.0,0.0,0.0,0.0,0.0,0.0,0.0,0.0
2017-05-22,0,1.0,1.25,1.25,1.25,2.0,2.5,4.25,5.25
2017-05-23,0,0.0,0.0,0.0,0.0,0.25,1.0,2.0,5.25
2017-05-24,0,0.0,0.0,0.0,0.0,0.0,0.0,0.0,0.0
2017-05-25,0,2.0,3.5,6.5,10.75,14.75,16.5,17.25,17.25
2017-05-26,0,0.25,0.5,1.25,3.0,12.25,16.5,17.75,18.75
2017-05-27,0,0.0,0.0,0.0,0.0,0.0,0.0,0.25,1.5
2017-05-28,0,0.0,0.0,0.0,0.0,0.0,0.0,0.0,0.0
2017-05-29,0,0.75,1.25,2.25,3.75,5.25,5.75,7.0,7.0
2017-05-30,1,2.75,4.5,5.75,8.0,8.5,8.5,11.25,13.25
2017-05-31,0,0.25,0.25,0.25,2.75,2.75,2.75,11.25,12.25
2017-06-01,0,0.0,0.0,0.0,0.0,0.0,0.0,0.0,0.5
2017-06-02,0,0.25,0.25,0.5,0.75,1.0,1.0,1.75,1.75
2017-06-03,0,0.0,0.0,0.0,0.5,1.0,1.0,1.75,1.75
2017-06-04,0,0.0,0.0,0.0,0.0,0.0,0.0,0.0,0.0
2017-06-05,1,1.75,3.5,6.25,10.5,15.5,20.0,35.75,36.25
2017-06-06,1,1.0,2.0,3.5,7.5,13.75,18.5,38.0,49.0
2017-06-07,0,0.0,0.0,0.0,0.0,0.0,0.0,0.0,12.0
2017-06-08,0,0.0,0.0,0.0,0.0,0.0,0.0,0.0,0.0
2017-06-09,0,0.0,0.0,0.0,0.0,0.0,0.0,0.0,0.0
2017-06-10,0,0.0,0.0,0.0,0.0,0.0,0.0,0.0,0.0
2017-06-11,0,0.0,0.0,0.0,0.0,0.0,0.0,0.0,0.0
2017-06-12,1,3.0,3.5,3.5,3.5,3.5,3.5,3.5,3.5
2017-06-13,0,0.0,0.0,0.0,0.0,0.0,0.0,0.0,3.5
2017-06-14,0,0.0,0.0,0.0,0.0,0.0,0.0,0.0,0.0
2017-06-15,0,0.0,0.0,0.0,0.0,0.0,0.0,0.0,0.0
2017-06-16,1,3.25,5.25,7.75,12.0,15.0,22.0,25.5,25.75
2017-06-17,0,0.0,0.0,0.0,0.0,0.0,0.25,0.25,25.75
2017-06-18,0,0.25,0.25,0.25,0.25,0.25,0.25,0.25,0.25
2017-06-19,0,0.25,0.25,0.5,0.5,0.5,0.5,0.75,0.75
2017-06-20,1,9.25,12.75,15.5,18.25,20.25,20.25,30.0,30.0
2017-06-21,0,0.5,0.5,0.5,0.5,0.5,0.5,9.75,30.25
2017-06-22,0,0.0,0.0,0.0,0.0,0.0,0.0,0.0,0.75
2017-06-23,0,1.25,2.0,2.5,4.5,5.25,6.75,10.5,11.75
2017-06-24,0,0.0,0.0,0.0,0.0,0.75,1.25,1.25,11.75
2017-06-25,0,3.75,4.75,4.75,4.75,4.75,4.75,4.75,4.75
2017-06-26,0,0.75,0.75,0.75,0.75,0.75,0.75,5.5,5.5
2017-06-27,0,1.25,2.25,4.0,4.0,4.0,4.0,4.0,4.0
2017-06-28,0,0.0,0.0,0.0,0.0,0.0,0.0,4.0,4.0
2017-06-29,0,0.25,0.5,0.75,1.25,2.0,2.0,2.0,2.0
2017-06-30,0,0.25,0.25,0.25,0.25,0.5,1.5,2.0,2.25
2017-07-01,0,3.5,4.0,4.5,5.0,5.0,5.0,7.75,8.0
2017-07-02,0,0.0,0.5,0.5,5.0,5.0,5.0,7.25,8.0
2017-07-03,0,0.0,0.0,0.0,0.0,0.0,0.0,0.0,0.0
2017-07-04,0,0.0,0.0,0.0,0.0,0.0,0.0,0.0,0.0
2017-07-05,0,0.0,0.0,0.0,0.0,0.0,0.0,0.0,0.0
2017-07-06,0,0.0,0.0,0.0,0.0,0.0,0.0,0.0,0.0
2017-07-07,1,4.25,5.75,7.75,8.5,8.5,8.5,8.5,8.5
2017-07-08,1,10.5,16.0,18.5,19.5,19.5,20.5,26.75,28.25
2017-07-09,0,1.25,1.25,1.25,1.25,1.25,1.25,7.25,28.25
2017-07-10,0,0.25,0.5,0.75,1.0,1.0,1.0,1.25,2.25
2017-07-11,0,0.0,0.0,0.0,0.0,0.0,0.0,0.0,1.0
2017-07-12,0,0.25,0.5,0.75,0.75,0.75,0.75,0.75,0.75
2017-07-13,0,0.25,0.5,1.0,1.25,2.0,2.25,2.75,2.75
2017-07-14,0,0.75,1.25,2.5,3.75,3.75,3.75,3.75,3.75
2017-07-15,0,1.5,2.25,2.5,2.75,2.75,3.0,6.5,6.75
2017-07-16,0,0.0,0.0,0.0,0.0,0.0,0.0,0.0,3.0
2017-07-17,0,0.5,0.5,0.5,0.5,0.5,0.5,1.0,1.0
2017-07-18,0,0.0,0.0,0.0,0.0,0.0,0.0,0.0,1.0
2017-07-19,0,0.0,0.0,0.0,0.0,0.0,0.0,0.0,0.0
2017-07-20,0,0.0,0.0,0.0,0.0,0.0,0.0,0.0,0.0
2017-07-21,0,0.25,0.25,0.25,0.25,0.25,0.25,0.25,0.25
2017-07-22,0,0.0,0.0,0.0,0.0,0.0,0.0,0.25,0.25
2017-07-23,0,0.0,0.0,0.0,0.0,0.0,0.0,0.0,0.0
2017-07-24,0,0.75,1.5,3.0,5.5,8.5,10.25,13.75,14.75
2017-07-25,0,0.5,0.75,1.0,1.5,2.75,3.25,12.75,16.75
2017-07-26,0,0.0,0.0,0.0,0.0,0.0,0.0,0.0,1.75
2017-07-27,0,1.25,1.5,1.5,1.5,1.5,1.5,1.5,1.5
2017-07-28,0,0.0,0.0,0.0,0.0,0.0,1.5,1.5,1.5
2017-07-29,0,0.0,0.0,0.0,0.0,0.0,0.0,0.0,0.0
2017-07-30,0,0.0,0.0,0.0,0.0,0.0,0.0,0.0,0.0
2017-07-31,1,6.5,8.5,8.5,8.5,8.5,8.5,8.5,8.5
2017-08-01,0,0.0,0.0,0.0,0.0,0.0,0.0,8.5,8.5
2017-08-02,0,2.25,2.25,2.25,2.25,2.25,2.25,2.25,2.25
2017-08-03,0,0.0,0.0,0.0,0.0,0.0,2.25,2.25,2.25
2017-08-04,0,0.75,1.0,1.25,1.75,2.0,2.0,3.25,4.0
2017-08-05,0,2.25,3.5,5.0,8.5,8.75,10.0,13.0,15.5
2017-08-06,0,0.0,0.0,0.0,0.0,0.0,0.0,0.0,12.0
2017-08-07,0,0.0,0.0,0.0,0.0,0.0,0.0,0.0,0.0
2017-08-08,0,0.0,0.0,0.0,0.0,0.0,0.0,0.0,0.0
2017-08-09,0,0.0,0.0,0.0,0.0,0.0,0.0,0.0,0.0
2017-08-10,0,0.25,0.25,0.25,0.25,0.25,0.25,0.25,0.25
2017-08-11,0,0.0,0.0,0.0,0.0,0.0,0.0,0.0,0.25
2017-08-12,0,2.5,3.0,3.0,3.5,3.75,6.75,7.25,8.5
2017-08-13,0,0.25,0.5,0.75,0.75,0.75,1.25,2.0,8.75
2017-08-14,0,0.0,0.0,0.0,0.0,0.0,0.0,0.0,0.75
2017-08-15,1,2.25,3.25,3.75,5.25,6.25,6.25,6.25,6.25
2017-08-16,0,0.0,0.0,0.0,0.0,0.0,0.0,0.0,6.25
2017-08-17,0,0.0,0.0,0.0,0.0,0.0,0.0,0.0,0.0
2017-08-18,0,3.75,4.75,6.75,11.5,19.5,20.0,20.0,20.0
2017-08-19,0,0.0,0.0,0.0,0.0,0.0,0.0,0.0,20.0
2017-08-20,0,0.25,0.25,0.25,0.25,0.25,0.25,0.25,0.25
2017-08-21,0,0.0,0.0,0.0,0.0,0.0,0.0,0.0,0.25
2017-08-22,1,6.75,7.75,8.5,8.5,16.5,16.5,18.25,18.25
2017-08-23,0,0.0,0.0,0.0,0.0,0.0,1.75,16.5,18.25
2017-08-24,0,0.0,0.0,0.0,0.0,0.0,0.0,0.0,0.0
2017-08-25,0,0.0,0.0,0.0,0.0,0.0,0.0,0.0,0.0
2017-08-26,0,0.0,0.0,0.0,0.0,0.0,0.0,0.0,0.0
2017-08-27,0,0.0,0.0,0.0,0.0,0.0,0.0,0.0,0.0
2017-08-28,0,0.0,0.0,0.0,0.0,0.0,0.0,0.0,0.0
2017-08-29,0,0.0,0.0,0.0,0.0,0.0,0.0,0.0,0.0
2017-08-30,0,0.0,0.0,0.0,0.0,0.0,0.0,0.0,0.0
2017-08-31,0,3.0,4.0,4.75,4.75,5.0,5.0,5.0,5.0
2017-09-01,0,0.0,0.0,0.0,0.0,0.0,0.0,0.0,5.0
2017-09-02,0,0.0,0.0,0.0,0.0,0.0,0.0,0.0,0.0
2017-09-03,1,3.25,4.25,6.25,11.0,17.5,21.25,27.5,28.75
2017-09-04,0,1.0,2.0,2.5,2.75,2.75,3.0,9.5,28.75
2017-09-05,0,1.0,1.75,2.5,2.75,2.75,2.75,5.75,5.75
2017-09-06,0,0.25,0.25,0.25,0.25,0.25,0.25,0.25,2.75
2017-09-07,1,1.5,2.75,4.0,4.25,5.0,5.25,10.0,10.75
2017-09-08,0,0.0,0.0,0.0,0.5,0.5,0.5,0.75,10.75
2017-09-09,0,1.0,1.25,2.5,2.75,2.75,2.75,2.75,2.75
2017-09-10,0,0.0,0.0,0.0,0.0,0.0,0.0,0.0,2.75
2017-09-11,0,0.0,0.0,0.0,0.0,0.0,0.0,0.0,0.0
2017-09-12,0,0.0,0.0,0.0,0.0,0.0,0.0,0.0,0.0
2017-09-13,0,0.0,0.0,0.0,0.0,0.0,0.0,0.0,0.0
2017-09-14,0,0.0,0.0,0.0,0.0,0.0,0.0,0.0,0.0
2017-09-15,0,0.0,0.0,0.0,0.0,0.0,0.0,0.0,0.0
2017-09-16,0,0.0,0.0,0.0,0.0,0.0,0.0,0.0,0.0
2017-09-17,0,0.0,0.0,0.0,0.0,0.0,0.0,0.0,0.0
2017-09-18,0,0.0,0.0,0.0,0.0,0.0,0.0,0.0,0.0
2017-09-19,0,0.0,0.0,0.0,0.0,0.0,0.0,0.0,0.0
2017-09-20,0,0.0,0.0,0.0,0.0,0.0,0.0,0.0,0.0
2017-09-21,0,0.0,0.0,0.0,0.0,0.0,0.0,0.0,0.0
2017-09-22,0,0.0,0.0,0.0,0.0,0.0,0.0,0.0,0.0
2017-09-23,0,0.0,0.0,0.0,0.0,0.0,0.0,0.0,0.0
2017-09-24,0,0.0,0.0,0.0,0.0,0.0,0.0,0.0,0.0
2017-09-25,0,0.0,0.0,0.0,0.0,0.0,0.0,0.0,0.0
2017-09-26,0,0.0,0.0,0.0,0.0,0.0,0.0,0.0,0.0
2017-09-27,1,4.0,7.75,8.25,8.25,9.0,9.0,9.0,9.0
2017-09-28,0,0.0,0.0,0.0,0.0,0.0,1.0,9.0,9.0
2017-09-29,0,0.0,0.0,0.0,0.0,0.0,0.0,0.0,0.0
2017-09-30,0,0.0,0.0,0.0,0.0,0.0,0.0,0.0,0.0
2017-10-01,0,0.0,0.0,0.0,0.0,0.0,0.0,0.0,0.0
2017-10-02,0,0.0,0.0,0.0,0.0,0.0,0.0,0.0,0.0
2017-10-03,0,0.0,0.0,0.0,0.0,0.0,0.0,0.0,0.0
2017-10-04,1,6.0,7.5,8.75,12.75,14.0,14.75,14.75,14.75
2017-10-05,0,0.0,0.0,0.0,0.0,4.5,13.25,14.75,14.75
2017-10-06,0,0.0,0.0,0.0,0.0,0.0,0.0,0.0,0.0
2017-10-07,0,1.0,1.75,3.0,3.5,3.5,3.5,3.5,3.5
2017-10-08,0,2.0,2.75,5.25,6.75,8.25,8.25,8.25,11.75
2017-10-09,1,2.75,4.75,8.5,16.0,27.25,30.5,32.0,32.0
2017-10-10,0,0.0,0.0,0.0,0.0,0.0,0.5,19.0,32.0
2017-10-11,0,0.0,0.0,0.0,0.0,0.0,0.0,0.0,0.0
2017-10-12,0,0.0,0.0,0.0,0.0,0.0,0.0,0.0,0.0
2017-10-13,0,0.0,0.0,0.0,0.0,0.0,0.0,0.0,0.0
2017-10-14,0,0.25,0.25,0.25,0.5,0.5,0.5,0.5,0.5
2017-10-15,0,5.75,6.0,6.25,7.75,8.75,8.75,9.75,15.0
2017-10-16,0,0.0,0.0,0.0,0.0,0.25,8.0,8.75,15.0
2017-10-17,0,0.0,0.0,0.0,0.0,0.0,0.0,0.0,0.0
2017-10-18,0,0.0,0.0,0.0,0.0,0.0,0.0,0.0,0.0
2017-10-19,0,0.0,0.0,0.0,0.0,0.0,0.0,0.0,0.0
2017-10-20,0,0.0,0.0,0.0,0.0,0.0,0.0,0.0,0.0
2017-10-21,0,0.0,0.0,0.0,0.0,0.0,0.0,0.0,0.0
2017-10-22,0,0.0,0.0,0.0,0.0,0.0,0.0,0.0,0.0
2017-10-23,0,0.0,0.0,0.0,0.0,0.0,0.0,0.0,0.0
2017-10-24,1,8.75,12.25,16.75,20.0,35.25,37.0,38.0,38.0
2017-10-25,0,0.0,0.0,0.0,0.0,0.25,2.25,37.75,38.0
2017-10-26,0,0.75,1.25,1.75,2.5,3.5,3.75,4.0,4.0
2017-10-27,0,0.0,0.0,0.0,0.25,0.25,2.25,4.0,4.0
2017-10-28,0,0.0,0.0,0.0,0.0,0.0,0.0,0.0,0.0
2017-10-29,0,1.5,2.5,4.25,7.25,10.5,13.0,16.25,24.0
2017-10-30,1,1.25,1.5,2.5,4.0,10.25,14.0,18.25,29.5
2017-10-31,0,0.0,0.0,0.0,0.0,0.0,0.0,0.0,6.0
2018-05-01,0,0.25,0.25,0.5,0.75,1.0,1.0,1.0,1.0
2018-05-02,0,1.0,1.75,1.75,1.75,1.75,1.75,1.75,2.0
2018-05-03,1,4.0,5.75,8.0,14.0,20.0,20.25,23.75,25.5
2018-05-04,0,4.75,8.0,10.25,11.25,12.25,12.75,20.25,24.0
2018-05-05,0,0.0,0.0,0.0,0.0,0.0,0.0,12.75,13.0
2018-05-06,0,0.0,0.0,0.0,0.0,0.0,0.0,0.0,0.0
2018-05-07,0,0.0,0.0,0.0,0.0,0.0,0.0,0.0,0.0
2018-05-08,0,0.0,0.0,0.0,0.0,0.0,0.0,0.0,0.0
2018-05-09,0,0.0,0.0,0.0,0.0,0.0,0.0,0.0,0.0
2018-05-10,0,0.75,1.25,1.5,1.75,1.75,1.75,2.75,2.75
2018-05-11,0,0.0,0.0,0.0,0.0,1.0,1.0,2.75,2.75
2018-05-12,0,0.0,0.0,0.0,0.0,0.0,0.0,0.0,0.0
2018-05-13,0,0.0,0.0,0.0,0.0,0.0,0.0,0.0,0.0
2018-05-14,0,0.0,0.0,0.0,0.0,0.0,0.0,0.0,0.0
2018-05-15,0,0.25,0.25,0.5,0.5,0.75,0.75,0.75,0.75
2018-05-16,0,0.0,0.0,0.0,0.0,0.0,0.0,0.25,0.75
2018-05-17,0,0.0,0.0,0.0,0.0,0.0,0.0,0.0,0.0
2018-05-18,0,0.0,0.0,0.0,0.0,0.0,0.0,0.0,0.0
2018-05-19,0,1.5,3.0,4.75,5.5,6.5,8.0,8.0,8.0
2018-05-20,0,3.25,5.0,7.75,8.75,9.75,9.75,14.0,17.75
2018-05-21,0,0.0,0.0,0.0,0.0,0.0,0.0,0.0,9.75
2018-05-22,0,0.25,0.5,1.0,1.5,1.5,1.75,1.75,1.75
2018-05-23,0,0.0,0.0,0.0,0.0,0.0,0.25,1.75,1.75
2018-05-24,0,0.0,0.0,0.0,0.0,0.0,0.0,0.0,0.0
2018-05-25,0,0.0,0.0,0.0,0.0,0.0,0.0,0.0,0.0
2018-05-26,0,1.75,3.0,4.25,4.75,6.75,7.5,7.5,7.5
2018-05-27,0,0.75,1.25,1.25,1.25,1.25,1.25,1.25,7.5
2018-05-28,0,4.5,5.5,6.25,6.25,6.25,6.25,6.25,6.25
2018-05-29,0,0.25,0.25,1.0,6.25,6.5,6.5,6.5,6.5
2018-05-30,0,0.0,0.0,0.0,0.0,0.0,0.0,0.0,0.25
2018-05-31,0,0.0,0.0,0.0,0.0,0.0,0.0,0.0,0.0
2018-06-01,0,0.0,0.0,0.0,0.0,0.0,0.0,0.0,0.0
2018-06-02,0,0.0,0.0,0.0,0.0,0.0,0.0,0.0,0.0
2018-06-03,0,0.0,0.0,0.0,0.0,0.0,0.0,0.0,0.0
2018-06-04,1,2.0,3.25,4.75,7.0,10.0,13.75,22.5,28.5
2018-06-05,0,0.5,1.0,1.5,2.0,2.0,2.5,7.75,28.5
2018-06-06,0,0.0,0.0,0.0,0.0,0.0,0.0,0.0,2.5
2018-06-07,0,0.0,0.0,0.0,0.0,0.0,0.0,0.0,0.0
2018-06-08,0,0.25,0.25,0.25,0.25,0.25,0.25,0.25,0.25
2018-06-09,0,0.0,0.0,0.25,0.25,0.25,0.25,0.25,0.25
2018-06-10,0,0.0,0.0,0.0,0.0,0.0,0.0,0.0,0.0
2018-06-11,0,0.0,0.0,0.0,0.0,0.0,0.0,0.0,0.0
2018-06-12,0,0.0,0.0,0.0,0.0,0.0,0.0,0.0,0.0
2018-06-13,0,0.75,1.25,1.75,2.25,3.25,3.25,3.25,3.25
2018-06-14,0,0.75,1.5,2.0,2.75,3.5,4.0,5.5,8.25
2018-06-15,0,0.25,0.25,0.5,0.5,0.5,0.5,0.5,5.5
2018-06-16,0,0.0,0.0,0.0,0.0,0.0,0.0,0.0,0.5
2018-06-17,0,0.0,0.0,0.0,0.0,0.0,0.0,0.0,0.0
2018-06-18,1,10.5,11.75,15.5,15.532894736842104,15.532894736842104,16.5,30.282894736842103,41.5328947368421
2018-06-19,0,0.0,0.0,0.0,0.0,0.25,11.0,11.25,41.5328947368421
2018-06-20,0,0.25,0.25,0.25,0.25,0.25,0.25,0.25,0.25
2018-06-21,0,0.0,0.0,0.0,0.0,0.0,0.0,0.25,0.25
2018-06-22,0,0.0,0.0,0.0,0.0,0.0,0.0,0.0,0.0
2018-06-23,0,1.5,2.5,3.75,4.0,4.0,4.0,4.0,4.0
2018-06-24,0,1.0,1.5,2.75,4.0,5.0,6.0,6.25,11.25
2018-06-25,0,0.0,0.0,0.25,0.5,1.0,1.25,6.0,8.25
2018-06-26,0,0.0,0.0,0.0,0.0,0.0,0.0,0.0,0.0
2018-06-27,0,0.25,0.25,0.5,0.5,0.5,0.5,0.5,0.5
2018-06-28,0,0.5,0.75,1.25,2.0,2.25,2.25,2.25,2.25
2018-06-29,0,0.0,0.0,0.0,0.0,0.0,0.0,0.0,1.5
2018-06-30,0,0.0,0.0,0.0,0.0,0.0,0.0,0.0,0.0
2018-07-01,0,0.0,0.0,0.0,0.0,0.0,0.0,0.0,0.0
2018-07-02,0,0.0,0.0,0.0,0.0,0.0,0.0,0.0,0.0
2018-07-03,0,0.0,0.0,0.0,0.0,0.0,0.0,0.0,0.0
2018-07-04,0,0.0,0.0,0.0,0.0,0.0,0.0,0.0,0.0
2018-07-05,0,0.0,0.0,0.0,0.0,0.0,0.0,0.0,0.0
2018-07-06,0,5.5,5.5,8.75,9.75,9.75,9.75,9.75,9.75
2018-07-07,0,0.0,0.0,0.0,0.0,0.0,0.0,0.0,9.75
2018-07-08,0,0.0,0.0,0.0,0.0,0.0,0.0,0.0,0.0
2018-07-09,0,0.0,0.0,0.0,0.0,0.0,0.0,0.0,0.0
2018-07-10,0,0.0,0.0,0.0,0.0,0.0,0.0,0.0,0.0
2018-07-11,0,0.0,0.0,0.0,0.0,0.0,0.0,0.0,0.0
2018-07-12,0,0.0,0.0,0.0,0.0,0.0,0.0,0.0,0.0
2018-07-13,0,0.0,0.0,0.0,0.0,0.0,0.0,0.0,0.0
2018-07-14,0,0.25,0.25,0.5,0.5,0.5,0.75,0.75,0.75
2018-07-15,0,0.0,0.0,0.0,0.0,0.0,0.0,0.0,0.75
2018-07-16,0,0.0,0.0,0.0,0.0,0.0,0.0,0.0,0.0
2018-07-17,1,16.5,19.0,20.75,22.0,24.25,26.5,26.5,26.5
2018-07-18,0,0.0,0.0,0.0,0.0,0.0,0.0,0.0,26.5
2018-07-19,0,0.0,0.0,0.0,0.0,0.0,0.0,0.0,0.0
2018-07-20,0,0.0,0.0,0.0,0.0,0.0,0.0,0.0,0.0
2018-07-21,0,0.0,0.0,0.0,0.0,0.0,0.0,0.0,0.0
2018-07-22,0,1.0,1.5,2.25,3.0,5.25,5.25,5.25,5.25
2018-07-23,0,0.0,0.0,0.0,0.0,0.0,0.0,3.0,5.25
2018-07-24,0,0.5,0.5,0.5,0.5,0.5,0.5,0.5,0.75
2018-07-25,1,11.75,18.5,25.25,29.75,36.75,38.75,39.5,40.25
2018-07-26,0,0.25,0.25,0.25,0.25,1.25,4.75,39.5,40.5
2018-07-27,0,0.0,0.0,0.0,0.0,0.0,0.0,0.0,0.5
2018-07-28,0,4.25,6.5,6.5,6.5,6.5,6.5,6.5,6.5
2018-07-29,0,0.0,0.0,0.0,0.0,6.5,6.5,6.5,6.5
2018-07-30,0,0.0,0.0,0.0,0.0,0.0,0.0,0.0,0.0
2018-07-31,0,0.0,0.0,0.0,0.0,0.0,0.0,0.0,0.0
2018-08-01,0,0.75,1.5,2.25,2.25,2.25,2.25,2.25,2.25
2018-08-02,0,0.0,0.0,1.0,2.25,2.25,2.25,2.25,2.25
2018-08-03,0,0.0,0.0,0.0,0.0,0.0,0.0,0.0,0.0
2018-08-04,0,1.0,1.75,2.0,2.25,2.25,2.25,2.25,2.25
2018-08-05,0,0.0,0.0,0.0,0.0,0.0,0.0,2.25,2.25
2018-08-06,0,0.5,0.75,1.0,1.0,1.25,1.25,1.25,1.25
2018-08-07,0,0.5,0.75,1.25,1.5,1.5,1.5,1.75,2.75
2018-08-08,1,7.0,9.0,12.75,15.75,20.75,20.75,23.5,23.5
2018-08-09,0,0.75,0.75,1.0,1.25,2.5,3.25,23.75,24.75
2018-08-10,0,0.0,0.0,0.0,0.0,0.0,0.0,0.0,1.25
2018-08-11,0,0.0,0.0,0.0,0.0,0.0,0.0,0.0,0.0
2018-08-12,0,0.0,0.0,0.0,0.0,0.0,0.0,0.0,0.0
2018-08-13,0,0.0,0.0,0.0,0.0,0.0,0.0,0.0,0.0
2018-08-14,0,0.0,0.0,0.0,0.0,0.0,0.0,0.0,0.0
2018-08-15,0,0.0,0.0,0.0,0.0,0.0,0.0,0.0,0.0
2018-08-16,0,0.0,0.0,0.0,0.0,0.0,0.0,0.0,0.0
2018-08-17,0,2.75,4.0,4.0,4.0,4.0,4.25,7.75,7.75
2018-08-18,0,0.0,0.0,0.0,0.0,4.0,4.0,7.25,7.75
2018-08-19,0,0.0,0.0,0.0,0.0,0.0,0.0,0.0,0.0
2018-08-20,0,0.0,0.0,0.0,0.0,0.0,0.0,0.0,0.0
2018-08-21,0,0.0,0.0,0.0,0.0,0.0,0.0,0.0,0.0
2018-08-22,0,0.25,0.5,0.5,0.5,0.75,1.0,1.0,1.0
2018-08-23,0,0.0,0.0,0.0,0.0,0.0,0.0,0.0,1.0
2018-08-24,0,0.0,0.0,0.0,0.0,0.0,0.0,0.0,0.0
2018-08-25,0,0.0,0.0,0.0,0.0,0.0,0.0,0.0,0.0
2018-08-26,0,0.75,0.75,0.75,1.0,1.0,1.25,1.25,1.25
2018-08-27,0,0.25,0.25,0.25,0.25,0.25,0.25,1.25,1.25
2018-08-28,0,1.75,2.5,4.5,7.25,8.0,8.0,8.0,8.25
2018-08-29,0,1.25,1.25,1.25,1.25,1.25,1.25,1.25,7.0
2018-08-30,0,0.0,0.0,0.0,0.0,0.0,0.0,1.25,1.25
2018-08-31,0,0.0,0.0,0.0,0.0,0.0,0.0,0.0,0.0
2018-09-01,0,0.0,0.0,0.0,0.0,0.0,0.0,0.0,0.0
2018-09-02,1,8.5,9.0,10.0,10.5,17.5,18.75,24.75,24.75
2018-09-03,1,7.75,9.0,9.0,16.75,19.0,27.0,28.0,46.75
2018-09-04,0,0.0,0.0,0.0,0.0,0.0,0.0,19.0,28.0
2018-09-05,0,0.25,0.5,0.5,0.5,0.5,0.5,0.5,0.5
2018-09-06,0,0.0,0.0,0.0,0.0,0.0,0.0,0.0,0.5
2018-09-07,0,0.0,0.0,0.0,0.0,0.0,0.0,0.0,0.0
2018-09-08,0,0.0,0.0,0.0,0.0,0.0,0.0,0.0,0.0
2018-09-09,0,0.0,0.0,0.0,0.0,0.0,0.0,0.0,0.0
2018-09-10,0,2.0,3.75,5.75,7.75,9.0,9.0,9.0,9.0
2018-09-11,0,3.25,4.5,6.5,8.5,16.0,18.25,22.75,23.0
2018-09-12,0,0.0,0.0,0.0,0.0,0.0,0.0,0.0,13.75
2018-09-13,0,0.0,0.0,0.0,0.0,0.0,0.0,0.0,0.0
2018-09-14,0,0.0,0.0,0.0,0.0,0.0,0.0,0.0,0.0
2018-09-15,0,0.0,0.0,0.0,0.0,0.0,0.0,0.0,0.0
2018-09-16,0,0.0,0.0,0.0,0.0,0.0,0.0,0.0,0.0
2018-09-17,0,0.0,0.0,0.0,0.0,0.0,0.0,0.0,0.0
2018-09-18,0,0.25,0.25,0.25,0.25,0.25,0.25,0.25,0.25
2018-09-19,0,0.0,0.0,0.0,0.0,0.0,0.0,0.25,0.25
2018-09-20,0,0.0,0.0,0.0,0.0,0.0,0.0,0.0,0.0
2018-09-21,1,13.5,21.5,26.0,27.5,27.75,27.75,37.75,41.5
2018-09-22,1,0.0,0.0,0.0,0.0,24.5,27.75,27.75,41.5
2018-09-23,0,0.0,0.0,0.0,0.0,0.0,0.0,0.0,0.0
2018-09-24,0,0.0,0.0,0.0,0.0,0.0,0.0,0.0,0.0
2018-09-25,0,1.5,2.5,3.25,5.0,8.5,9.0,10.25,10.25
2018-09-26,0,1.5,1.5,1.75,2.0,2.5,2.5,6.25,12.75
2018-09-27,0,0.0,0.0,0.0,0.0,0.0,0.0,2.0,4.75
2018-09-28,0,1.0,1.25,1.25,1.25,1.25,1.25,1.25,1.25
2018-09-29,0,0.25,0.5,1.25,1.25,2.25,2.25,2.5,2.5
2018-09-30,0,0.25,0.25,0.25,0.25,0.25,0.25,0.25,1.25
2018-10-01,0,0.25,0.25,0.25,0.25,0.5,0.5,0.5,0.5
2018-10-02,0,0.5,1.0,1.75,3.5,6.75,8.5,11.5,13.25
2018-10-03,0,0.0,0.0,0.0,0.0,0.0,0.25,2.5,13.25
2018-10-04,0,1.0,1.25,1.5,2.75,3.25,3.25,3.25,3.25
2018-10-05,0,0.0,0.0,0.0,0.0,0.0,0.0,0.0,3.25
2018-10-06,0,0.0,0.0,0.0,0.0,0.0,0.0,0.0,0.0
2018-10-07,0,0.0,0.0,0.0,0.0,0.0,0.0,0.0,0.0
2018-10-08,0,2.25,3.5,5.0,6.25,8.75,8.75,8.75,8.75
2018-10-09,0,2.5,4.75,5.25,5.25,5.25,5.25,14.0,14.0
2018-10-10,0,1.5,2.0,2.0,2.5,2.75,2.75,3.0,5.25
2018-10-11,0,2.0,3.0,4.75,5.25,6.25,7.25,7.75,8.5
2018-10-12,0,0.0,0.0,0.0,0.0,0.0,0.0,0.25,7.75
2018-10-13,0,0.0,0.0,0.0,0.0,0.0,0.0,0.0,0.0
2018-10-14,0,0.0,0.0,0.0,0.0,0.0,0.0,0.0,0.0
2018-10-15,0,1.0,1.5,3.0,3.5,5.25,6.0,6.75,6.75
2018-10-16,0,0.0,0.0,0.0,0.0,0.5,2.0,6.5,6.75
2018-10-17,0,0.25,0.25,0.25,0.25,0.25,0.25,0.25,0.25
2018-10-18,0,0.0,0.0,0.0,0.0,0.0,0.0,0.0,0.25
2018-10-19,0,0.25,0.25,0.25,0.25,0.25,0.25,0.25,0.25
2018-10-20,0,0.25,0.5,0.75,0.75,0.75,0.75,0.75,1.0
2018-10-21,0,0.0,0.0,0.0,0.0,0.0,0.0,0.0,0.75
2018-10-22,0,0.0,0.0,0.0,0.0,0.0,0.0,0.0,0.0
2018-10-23,0,0.25,0.25,0.25,0.25,0.25,0.25,0.25,0.25
2018-10-24,0,0.25,0.25,0.5,0.75,1.25,1.25,1.5,1.5
2018-10-25,0,0.25,0.25,0.5,0.5,0.5,0.5,0.5,1.75
2018-10-26,0,0.0,0.0,0.0,0.0,0.0,0.0,0.0,0.25
2018-10-27,0,1.0,2.0,3.25,4.75,6.75,11.0,11.25,11.25
2018-10-28,0,1.25,2.0,3.75,6.0,8.0,11.75,14.25,21.0
2018-10-29,0,0.25,0.25,0.5,0.75,1.0,1.25,2.25,8.75
2018-10-30,0,0.0,0.0,0.0,0.0,0.0,0.25,0.75,2.0
2018-10-31,0,0.75,1.25,2.5,4.25,6.25,8.25,9.5,9.5
2019-05-01,0,1.0,1.5,2.25,4.25,7.5,8.25,8.25,9.5
2019-05-02,0,0.5,0.75,1.5,3.5,7.25,9.5,10.5,10.5
2019-05-03,0,0.5,0.75,1.25,2.25,3.25,3.25,3.25,3.25
2019-05-04,0,0.25,0.25,0.25,0.25,0.25,0.25,0.25,3.5
2019-05-05,0,0.0,0.0,0.0,0.0,0.0,0.0,0.0,0.25
2019-05-06,0,0.0,0.0,0.0,0.0,0.0,0.0,0.0,0.0
2019-05-07,0,0.0,0.0,0.0,0.0,0.0,0.0,0.0,0.0
2019-05-08,0,0.0,0.0,0.0,0.0,0.0,0.0,0.0,0.0
2019-05-09,0,1.25,2.25,4.25,6.75,7.5,7.5,7.5,7.5
2019-05-10,1,4.0,6.75,10.25,15.25,19.25,20.25,32.75,43.0
2019-05-11,0,0.0,0.0,0.0,0.0,0.0,0.0,6.0,35.25
2019-05-12,0,0.0,0.0,0.0,0.0,0.0,0.0,0.0,0.0
2019-05-13,0,0.25,0.5,0.75,0.75,0.75,0.75,0.75,0.75
2019-05-14,0,0.5,1.0,1.75,2.75,5.0,5.75,7.0,9.5
2019-05-15,0,0.0,0.0,0.0,0.0,0.0,0.0,1.75,8.5
2019-05-16,0,0.0,0.0,0.0,0.0,0.0,0.0,0.0,0.0
2019-05-17,0,0.25,0.5,0.75,0.75,0.75,0.75,0.75,1.0
2019-05-18,0,0.0,0.0,0.0,0.0,0.25,0.25,0.25,1.0
2019-05-19,0,1.25,2.0,3.0,4.0,4.5,4.5,5.75,6.5
2019-05-20,0,2.75,5.0,5.25,5.25,5.25,6.0,7.25,11.75
2019-05-21,0,0.0,0.0,0.0,0.25,0.25,0.25,0.25,5.5
2019-05-22,0,0.0,0.0,0.0,0.0,0.0,0.0,0.0,0.0
2019-05-23,1,3.25,5.25,7.25,10.75,16.75,19.0,19.25,19.75
2019-05-24,0,0.5,0.75,1.0,1.75,7.25,16.75,21.0,21.0
2019-05-25,0,0.25,0.25,0.25,0.5,0.5,0.75,0.75,1.75
2019-05-26,0,0.25,0.5,0.75,1.0,1.0,1.0,1.25,1.75
2019-05-27,0,0.0,0.0,0.0,0.0,0.0,0.0,0.0,1.0
2019-05-28,0,0.25,0.25,0.5,0.75,0.75,0.75,0.75,0.75
2019-05-29,0,0.0,0.0,0.0,0.0,0.0,0.0,0.75,0.75
2019-05-30,0,0.0,0.0,0.0,0.0,0.0,0.0,0.0,0.0
2019-05-31,0,0.5,0.75,0.75,0.75,0.75,0.75,0.75,0.75
2019-06-01,0,0.0,0.0,0.0,0.0,0.0,0.0,0.0,0.25
2019-06-02,0,1.5,2.5,3.5,6.75,8.0,8.25,9.25,9.25
2019-06-03,0,0.0,0.0,0.0,0.0,0.0,0.0,3.5,9.25
2019-06-04,0,0.25,0.25,0.25,0.25,0.25,0.25,0.25,0.25
2019-06-05,0,0.0,0.0,0.0,0.0,0.0,0.0,0.25,0.25
2019-06-06,0,0.0,0.0,0.0,0.0,0.0,0.0,0.0,0.0
2019-06-07,0,0.0,0.0,0.0,0.0,0.0,0.0,0.0,0.0
2019-06-08,0,0.0,0.0,0.0,0.0,0.0,0.0,0.0,0.0
2019-06-09,0,0.0,0.0,0.0,0.0,0.0,0.0,0.0,0.0
2019-06-10,0,0.0,0.0,0.0,0.0,0.0,0.0,0.0,0.0
2019-06-11,1,2.0,3.75,6.75,9.0,12.25,15.0,15.5,15.5
2019-06-12,0,0.0,0.0,0.0,0.0,0.0,0.0,0.0,15.5
2019-06-13,0,1.0,1.5,1.75,1.75,1.75,1.75,1.75,1.75
2019-06-14,0,1.5,1.75,2.5,4.0,4.75,5.5,6.5,7.5
2019-06-15,0,1.75,3.0,4.75,6.25,7.25,7.75,8.5,8.5
2019-06-16,0,0.25,0.25,0.25,0.25,3.25,7.25,7.75,8.75
2019-06-17,0,0.0,0.0,0.0,0.0,0.0,0.0,0.0,0.25
2019-06-18,0,0.0,0.0,0.0,0.0,0.0,0.0,0.0,0.0
2019-06-19,0,0.0,0.0,0.0,0.0,0.0,0.0,0.0,0.0
2019-06-20,0,0.5,0.75,1.5,2.5,3.5,3.75,3.75,3.75
2019-06-21,0,0.0,0.0,0.0,0.0,0.0,0.25,3.75,3.75
2019-06-22,0,0.0,0.0,0.0,0.0,0.0,0.0,0.0,0.0
2019-06-23,0,0.0,0.0,0.0,0.0,0.0,0.0,0.0,0.0
2019-06-24,0,0.0,0.0,0.0,0.0,0.0,0.0,0.0,0.0
2019-06-25,1,1.5,2.25,4.0,6.0,8.0,9.0,9.75,9.75
2019-06-26,0,0.25,0.5,0.5,0.5,0.75,0.75,5.25,9.75
2019-06-27,0,0.0,0.0,0.0,0.0,0.0,0.5,0.75,0.75
2019-06-28,0,0.0,0.0,0.0,0.0,0.0,0.0,0.0,0.0
2019-06-29,1,6.75,10.75,18.0,20.5,21.75,21.75,21.75,21.75
2019-06-30,0,5.25,7.75,7.75,7.75,8.0,8.0,21.75,32.0
2019-07-01,0,0.0,0.0,0.0,0.0,0.0,0.0,2.25,10.25
2019-07-02,0,0.0,0.0,0.0,0.0,0.0,0.0,0.0,0.0
2019-07-03,0,0.0,0.0,0.0,0.0,0.0,0.0,0.0,0.0
2019-07-04,0,0.0,0.0,0.0,0.0,0.0,0.0,0.0,0.0
2019-07-05,0,1.25,1.5,1.75,1.75,1.75,2.0,2.5,2.5
2019-07-06,0,2.0,4.0,4.0,4.0,4.0,4.0,4.0,4.75
2019-07-07,0,0.0,0.0,0.0,0.0,0.0,0.0,0.0,4.0
2019-07-08,0,0.0,0.0,0.0,0.0,0.0,0.0,0.0,0.0
2019-07-09,0,0.0,0.0,0.0,0.0,0.0,0.0,0.0,0.0
2019-07-10,0,0.0,0.0,0.0,0.0,0.0,0.0,0.0,0.0
2019-07-11,1,6.75,10.75,12.25,14.25,17.25,17.25,30.5,33.0
2019-07-12,0,0.0,0.0,0.0,0.0,1.75,15.75,15.75,33.0
2019-07-13,0,2.0,4.0,5.0,5.5,5.5,5.5,5.5,5.5
2019-07-14,0,0.0,0.0,0.0,0.25,5.5,5.5,5.5,5.5
2019-07-15,0,0.0,0.0,0.0,0.0,0.0,0.0,0.0,0.0
2019-07-16,0,0.0,0.0,0.0,0.0,0.0,0.0,0.0,0.0
2019-07-17,0,0.0,0.0,0.0,0.0,0.0,0.0,0.0,0.0
2019-07-18,0,0.0,0.0,0.0,0.0,0.0,0.0,0.0,0.0
2019-07-19,0,0.75,1.25,1.25,1.25,1.25,1.25,1.25,1.25
2019-07-20,0,0.0,0.0,0.0,0.0,0.0,0.0,0.0,1.25
2019-07-21,1,18.75,30.75,32.75,33.75,33.75,33.75,33.75,33.75
2019-07-22,0,0.0,0.0,0.0,0.0,0.0,0.0,0.0,33.75
2019-07-23,0,0.0,0.0,0.0,0.0,0.0,0.0,0.0,0.0
2019-07-24,0,0.0,0.0,0.0,0.0,0.0,0.0,0.0,0.0
2019-07-25,0,0.0,0.0,0.0,0.0,0.0,0.0,0.0,0.0
2019-07-26,0,0.0,0.0,0.0,0.0,0.0,0.0,0.0,0.0
2019-07-27,0,0.0,0.0,0.0,0.0,0.0,0.0,0.0,0.0
2019-07-28,0,0.0,0.0,0.0,0.0,0.0,0.0,0.0,0.0
2019-07-29,0,0.0,0.0,0.0,0.0,0.0,0.0,0.0,0.0
2019-07-30,1,13.5,19.75,27.25,36.75,36.75,36.75,36.75,36.75
2019-07-31,0,1.25,2.0,2.5,2.5,9.5,36.75,39.25,39.25
2019-08-01,0,0.0,0.0,0.0,0.0,0.0,0.0,0.0,2.5
2019-08-02,0,0.0,0.0,0.0,0.0,0.0,0.0,0.0,0.0
2019-08-03,0,0.0,0.0,0.0,0.0,0.0,0.0,0.0,0.0
2019-08-04,0,0.0,0.0,0.0,0.0,0.0,0.0,0.0,0.0
2019-08-05,0,0.0,0.0,0.0,0.0,0.0,0.0,0.0,0.0
2019-08-06,0,0.0,0.0,0.0,0.0,0.0,0.0,0.0,0.0
2019-08-07,0,0.25,0.25,0.25,0.25,0.25,0.25,0.25,0.25
2019-08-08,0,0.25,0.25,0.25,0.5,0.75,0.75,0.75,1.0
2019-08-09,0,0.75,1.25,1.75,1.75,1.75,1.75,1.75,1.75
2019-08-10,0,2.0,2.25,2.25,2.25,2.25,2.25,2.25,4.0
2019-08-11,0,0.0,0.0,0.0,0.0,0.0,0.0,2.25,2.25
2019-08-12,0,0.0,0.0,0.0,0.0,0.0,0.0,0.0,0.0
2019-08-13,0,0.0,0.0,0.0,0.0,0.0,0.0,0.0,0.0
2019-08-14,0,0.0,0.0,0.0,0.0,0.0,0.0,0.0,0.0
2019-08-15,0,0.0,0.0,0.0,0.0,0.0,0.0,0.0,0.0
2019-08-16,0,0.75,1.5,2.5,2.5,2.5,2.5,2.5,2.5
2019-08-17,0,3.5,3.5,3.75,3.75,3.75,3.75,3.75,6.25
2019-08-18,0,0.0,0.0,0.0,0.0,0.0,0.0,0.0,3.75
2019-08-19,0,0.25,0.25,0.25,0.25,0.25,0.25,0.25,0.25
2019-08-20,0,0.0,0.0,0.0,0.0,0.0,0.0,0.0,0.25
2019-08-21,0,0.25,0.5,0.75,0.75,0.75,0.75,0.75,0.75
2019-08-22,0,0.0,0.0,0.0,0.0,0.0,0.0,0.0,0.75
2019-08-23,0,0.0,0.0,0.0,0.0,0.0,0.0,0.0,0.0
2019-08-24,0,0.0,0.0,0.0,0.0,0.0,0.0,0.0,0.0
2019-08-25,0,0.0,0.0,0.0,0.0,0.0,0.0,0.0,0.0
2019-08-26,0,0.0,0.0,0.0,0.0,0.0,0.0,0.0,0.0
2019-08-27,0,0.0,0.0,0.0,0.0,0.0,0.0,0.0,0.0
2019-08-28,0,1.5,3.0,4.5,6.75,8.75,12.0,13.5,13.5
2019-08-29,0,0.0,0.0,0.0,0.0,0.0,0.75,12.25,13.5
2019-08-30,1,3.0,5.5,7.25,9.5,9.5,9.5,9.5,9.5
2019-08-31,0,0.0,0.0,0.0,0.0,0.0,0.0,0.0,9.5
2019-09-01,0,0.0,0.0,0.0,0.0,0.0,0.0,0.0,0.0
2019-09-02,0,1.25,2.5,4.5,7.0,11.0,13.5,15.5,15.75
2019-09-03,0,0.25,0.25,0.5,0.5,0.5,0.5,0.5,15.75
2019-09-04,0,2.25,3.75,6.0,8.0,8.75,9.25,13.5,13.5
2019-09-05,0,0.0,0.0,0.0,0.0,0.0,0.0,3.75,13.5
2019-09-06,0,0.0,0.0,0.0,0.0,0.0,0.0,0.0,0.0
2019-09-07,1,6.0,10.0,14.0,18.25,19.25,20.25,20.5,20.5
2019-09-08,0,0.0,0.0,0.0,0.75,1.25,6.5,20.5,20.5
2019-09-09,0,0.0,0.0,0.0,0.0,0.0,0.0,0.0,0.0
2019-09-10,0,0.5,0.5,0.75,1.0,1.75,1.75,1.75,1.75
2019-09-11,0,0.25,0.5,0.75,0.75,0.75,1.5,2.5,2.5
2019-09-12,0,0.0,0.0,0.0,0.0,0.0,0.0,0.0,0.75
2019-09-13,0,0.0,0.0,0.0,0.0,0.0,0.0,0.0,0.0
2019-09-14,0,1.5,2.0,2.5,3.25,4.5,4.5,4.5,4.5
2019-09-15,0,0.0,0.0,0.0,0.0,0.0,0.0,0.0,4.5
2019-09-16,0,0.0,0.0,0.0,0.0,0.0,0.0,0.0,0.0
2019-09-17,0,0.0,0.0,0.0,0.0,0.0,0.0,0.0,0.0
2019-09-18,0,0.0,0.0,0.0,0.0,0.0,0.0,0.0,0.0
2019-09-19,0,0.0,0.0,0.0,0.0,0.0,0.0,0.0,0.0
2019-09-20,0,0.0,0.0,0.0,0.0,0.0,0.0,0.0,0.0
2019-09-21,0,0.0,0.0,0.0,0.0,0.0,0.0,0.0,0.0
2019-09-22,0,0.0,0.0,0.0,0.0,0.0,0.0,0.0,0.0
2019-09-23,0,0.75,1.0,1.25,2.25,2.25,2.25,3.5,3.5
2019-09-24,0,0.0,0.0,0.0,0.0,0.25,1.25,1.25,3.5
2019-09-25,0,0.25,0.5,0.75,0.75,0.75,0.75,0.75,0.75
2019-09-26,0,1.5,2.75,3.75,5.25,7.0,7.25,7.25,7.25
2019-09-27,0,0.0,0.0,0.0,0.0,0.0,0.0,1.75,7.25
2019-09-28,0,0.5,1.0,1.5,2.25,2.5,2.75,3.0,3.5
2019-09-29,0,0.0,0.0,0.0,0.0,0.0,0.25,2.0,3.5
2019-09-30,0,0.25,0.5,0.5,0.5,0.5,0.5,0.5,0.5
2019-10-01,0,10.75,19.0,26.5,35.5,42.75,44.75,45.0,49.0
2019-10-02,0,0.25,0.25,0.25,0.25,0.25,5.5,44.75,48.25
2019-10-03,0,0.25,0.5,0.75,1.0,1.0,1.0,1.0,1.0
2019-10-04,0,0.25,0.5,0.75,1.5,2.25,2.25,2.5,2.5
2019-10-05,0,0.0,0.0,0.0,0.0,0.0,0.0,0.0,1.25
2019-10-06,0,0.0,0.0,0.0,0.0,0.0,0.0,0.0,0.0
2019-10-07,0,1.0,1.5,2.75,4.0,6.0,7.0,7.25,7.25
2019-10-08,0,0.0,0.0,0.0,0.0,0.0,0.0,0.0,7.25
2019-10-09,0,0.0,0.0,0.0,0.0,0.0,0.0,0.0,0.0
2019-10-10,0,0.0,0.0,0.0,0.0,0.0,0.0,0.0,0.0
2019-10-11,0,0.0,0.0,0.0,0.0,0.0,0.0,0.0,0.0
2019-10-12,0,0.25,0.5,0.5,0.5,0.5,0.5,0.5,0.5
2019-10-13,0,0.25,0.25,0.25,0.25,0.25,0.5,0.5,0.75
2019-10-14,0,0.0,0.0,0.0,0.0,0.0,0.0,0.0,0.25
2019-10-15,0,0.0,0.0,0.0,0.0,0.0,0.0,0.0,0.0
2019-10-16,0,0.5,0.75,1.25,2.25,4.0,4.0,4.0,4.0
2019-10-17,0,1.75,3.25,6.0,11.0,19.5,28.37195121951219,41.87195121951219,54.1219512195122
2019-10-18,0,0.0,0.25,0.25,0.25,0.5,1.0,9.25,50.12195121951219
2019-10-19,0,0.0,0.0,0.0,0.0,0.0,0.0,0.0,0.0
2019-10-20,0,0.0,0.0,0.0,0.0,0.0,0.0,0.0,0.0
2019-10-21,0,0.0,0.0,0.0,0.0,0.0,0.0,0.0,0.0
2019-10-22,0,1.0,1.75,2.5,4.25,7.5,9.0,9.0,9.0
2019-10-23,0,1.75,3.25,5.0,8.0,11.75,15.75,20.5,20.5
2019-10-24,0,0.0,0.0,0.0,0.0,0.0,0.0,0.0,9.75
2019-10-25,0,0.0,0.0,0.0,0.0,0.0,0.0,0.0,0.0
2019-10-26,0,0.0,0.0,0.0,0.0,0.0,0.0,0.0,0.0
2019-10-27,0,2.25,3.5,6.75,10.5,17.75,21.25,29.5,31.25
2019-10-28,0,0.25,0.25,0.25,0.25,0.75,3.25,18.25,31.25
2019-10-29,0,0.0,0.0,0.0,0.0,0.0,0.0,0.0,0.25
2019-10-30,0,0.0,0.0,0.0,0.0,0.0,0.0,0.0,0.0
2019-10-31,0,4.25,8.25,13.5,20.25,29.75,33.75,42.5,45.75
